close;open;high;low;vol
3.12;3.12;3.12;3.12;3
3.11;3.12;3.12;3.11;1376
3.11;3.11;3.11;3.11;0
3.11;3.11;3.11;3.11;0
3.11;3.11;3.11;3.11;0
3.11;3.11;3.11;3.11;0
3.11;3.11;3.11;3.11;0
3.11;3.11;3.11;3.11;0
3.125;3.125;3.125;3.125;283
3.125;3.125;3.125;3.125;0
3.125;3.125;3.125;3.125;500
3.125;3.125;3.125;3.125;0
3.125;3.125;3.125;3.125;300
3.135;3.135;3.135;3.135;817
3.135;3.135;3.135;3.135;0
3.1;3.11;3.11;3.1;8000
3.1;3.1;3.1;3.1;0
3.1;3.1;3.1;3.1;0
3.1;3.1;3.1;3.1;0
3.1;3.1;3.1;3.1;0
3.13;3.13;3.13;3.13;10
3.1;3.11;3.11;3.1;2000
3.1;3.1;3.1;3.1;0
3.1;3.1;3.1;3.1;0
3.1;3.125;3.125;3.1;3329
3.1;3.1;3.1;3.1;0
3.1;3.1;3.1;3.1;0
3.1;3.1;3.1;3.1;0
3.1;3.1;3.1;3.1;0
3.1;3.1;3.1;3.1;0
3.1;3.1;3.1;3.1;0
3.1;3.1;3.1;3.1;4
3.1;3.1;3.1;3.1;0
3.1;3.1;3.1;3.1;300
3.1;3.1;3.1;3.1;0
3.125;3.125;3.125;3.125;3100
3.125;3.125;3.125;3.125;0
3.125;3.125;3.125;3.125;0
3.125;3.125;3.125;3.125;0
3.125;3.125;3.125;3.125;0
3.125;3.125;3.125;3.125;0
3.125;3.125;3.125;3.125;0
3.125;3.125;3.125;3.125;0
3.12;3.12;3.12;3.12;128
3.12;3.12;3.12;3.12;0
3.12;3.12;3.12;3.12;30
3.13;3.13;3.13;3.13;16
3.13;3.13;3.13;3.13;0
3.13;3.13;3.13;3.13;0
3.13;3.13;3.13;3.13;0
3.13;3.13;3.13;3.13;0
3.13;3.13;3.13;3.13;0
3.13;3.13;3.13;3.13;0
3.13;3.13;3.13;3.13;0
3.12;3.125;3.125;3.12;1500
3.12;3.12;3.12;3.12;128
3.12;3.12;3.12;3.12;0
3.12;3.12;3.12;3.12;0
3.12;3.12;3.12;3.12;0
3.12;3.12;3.12;3.12;0
3.12;3.12;3.12;3.12;0
3.12;3.12;3.12;3.12;0
3.115;3.12;3.12;3.115;2700
3.115;3.115;3.115;3.115;0
3.115;3.115;3.115;3.115;0
3.115;3.115;3.115;3.115;0
3.115;3.115;3.115;3.115;0
3.115;3.115;3.115;3.115;0
3.105;3.105;3.105;3.105;225
3.12;3.115;3.12;3.115;1154
3.12;3.12;3.12;3.12;0
3.13;3.13;3.13;3.13;303
3.13;3.13;3.13;3.13;0
3.13;3.13;3.13;3.13;0
3.13;3.13;3.13;3.13;0
3.13;3.13;3.13;3.13;0
3.13;3.13;3.13;3.13;0
3.13;3.13;3.13;3.13;0
3.13;3.13;3.13;3.13;0
3.13;3.13;3.13;3.13;0
3.13;3.13;3.13;3.13;0
3.13;3.13;3.13;3.13;0
3.13;3.13;3.13;3.13;0
3.13;3.13;3.13;3.13;0
3.13;3.13;3.13;3.13;0
3.105;3.11;3.11;3.105;315
3.105;3.105;3.105;3.105;3377
3.105;3.105;3.105;3.105;0
3.105;3.105;3.105;3.105;0
3.105;3.105;3.105;3.105;0
3.105;3.105;3.105;3.105;223
3.1;3.1;3.1;3.1;500
3.105;3.105;3.11;3.105;3363
3.11;3.105;3.11;3.105;1257
3.11;3.11;3.11;3.11;70
3.11;3.11;3.11;3.11;0
3.13;3.13;3.13;3.13;250
3.12;3.12;3.12;3.12;954
3.12;3.12;3.12;3.12;3193
3.13;3.13;3.13;3.13;2447
3.13;3.13;3.13;3.13;0
3.13;3.13;3.13;3.13;0
3.135;3.135;3.135;3.135;954
3.135;3.14;3.14;3.135;2438
3.135;3.135;3.135;3.135;0
3.135;3.135;3.135;3.135;0
3.135;3.135;3.135;3.135;0
3.13;3.13;3.13;3.13;300
3.13;3.13;3.13;3.13;0
3.13;3.13;3.13;3.13;0
3.13;3.13;3.13;3.13;0
3.13;3.13;3.13;3.13;0
3.125;3.125;3.125;3.125;22
3.125;3.125;3.125;3.125;0
3.125;3.125;3.125;3.125;0
3.125;3.125;3.125;3.125;0
3.125;3.125;3.125;3.125;0
3.125;3.125;3.125;3.125;0
3.13;3.13;3.14;3.13;4155
3.13;3.13;3.13;3.13;0
3.13;3.13;3.13;3.13;0
3.13;3.13;3.13;3.13;0
3.13;3.13;3.13;3.13;0
3.14;3.14;3.14;3.14;283
3.14;3.14;3.14;3.14;0
3.14;3.14;3.14;3.14;0
3.14;3.14;3.14;3.14;0
3.14;3.14;3.14;3.14;0
3.14;3.14;3.14;3.14;0
3.14;3.14;3.14;3.14;0
3.14;3.14;3.14;3.14;83
3.14;3.14;3.14;3.14;0
3.145;3.14;3.145;3.14;2180
3.145;3.145;3.145;3.145;1411
3.14;3.145;3.145;3.14;1454
3.14;3.14;3.14;3.14;206
3.14;3.14;3.14;3.14;1456
3.14;3.14;3.14;3.14;0
3.14;3.14;3.14;3.14;0
3.14;3.14;3.14;3.14;0
3.135;3.135;3.135;3.135;10
3.135;3.135;3.135;3.135;0
3.14;3.14;3.14;3.14;984
3.14;3.14;3.14;3.14;0
3.14;3.14;3.14;3.14;0
3.14;3.14;3.14;3.14;0
3.15;3.15;3.15;3.15;241
3.14;3.14;3.14;3.14;1128
3.14;3.14;3.14;3.14;1110
3.14;3.14;3.14;3.14;0
3.14;3.14;3.14;3.14;0
3.15;3.15;3.15;3.15;312
3.14;3.15;3.15;3.14;937
3.14;3.14;3.14;3.14;0
3.14;3.14;3.14;3.14;0
3.14;3.14;3.14;3.14;0
3.14;3.14;3.14;3.14;0
3.14;3.14;3.14;3.14;0
3.155;3.155;3.155;3.155;235
3.155;3.155;3.155;3.155;470
3.155;3.155;3.155;3.155;0
3.155;3.155;3.155;3.155;0
3.145;3.145;3.145;3.145;128
3.15;3.15;3.15;3.15;20
3.15;3.15;3.15;3.15;0
3.15;3.15;3.15;3.15;0
3.15;3.15;3.15;3.15;0
3.15;3.15;3.15;3.15;0
3.15;3.155;3.155;3.15;4246
3.16;3.16;3.16;3.16;1717
3.16;3.16;3.16;3.16;820
3.155;3.16;3.16;3.155;1565
3.16;3.16;3.16;3.16;5
3.16;3.16;3.16;3.16;0
3.16;3.16;3.16;3.16;0
3.16;3.16;3.16;3.16;0
3.16;3.16;3.16;3.16;0
3.16;3.16;3.16;3.16;33
3.17;3.16;3.17;3.155;5945
3.17;3.17;3.17;3.17;0
3.155;3.155;3.155;3.155;2000
3.155;3.155;3.155;3.155;0
3.155;3.155;3.155;3.155;0
3.17;3.17;3.17;3.17;44
3.17;3.17;3.17;3.17;46
3.17;3.17;3.17;3.17;0
3.165;3.17;3.17;3.165;178
3.19;3.19;3.19;3.19;6451
3.19;3.19;3.19;3.19;400
3.135;3.18;3.18;3.135;1802
3.135;3.135;3.135;3.135;0
3.165;3.165;3.165;3.165;536
3.165;3.165;3.165;3.165;0
3.175;3.175;3.175;3.175;954
3.175;3.175;3.175;3.175;0
3.175;3.175;3.175;3.175;0
3.175;3.175;3.175;3.175;0
3.175;3.175;3.175;3.175;0
3.175;3.175;3.175;3.175;0
3.175;3.175;3.175;3.175;0
3.175;3.175;3.175;3.175;0
3.175;3.175;3.175;3.175;0
3.175;3.175;3.175;3.175;0
3.185;3.185;3.185;3.185;589
3.185;3.185;3.185;3.185;0
3.185;3.185;3.185;3.185;0
3.185;3.185;3.185;3.185;0
3.185;3.185;3.185;3.185;0
3.185;3.185;3.185;3.185;20
3.19;3.19;3.19;3.19;400
3.19;3.19;3.19;3.19;0
3.19;3.19;3.19;3.19;0
3.18;3.18;3.18;3.18;1
3.18;3.18;3.18;3.18;0
3.165;3.18;3.18;3.165;22
3.19;3.19;3.19;3.19;1000
3.19;3.19;3.19;3.19;0
3.19;3.19;3.19;3.19;0
3.19;3.19;3.19;3.19;0
3.19;3.19;3.19;3.19;0
3.19;3.19;3.19;3.19;0
3.165;3.165;3.165;3.165;19
3.165;3.165;3.165;3.165;0
3.165;3.165;3.165;3.165;0
3.165;3.165;3.165;3.165;0
3.165;3.165;3.165;3.165;0
3.165;3.165;3.165;3.165;0
3.165;3.165;3.165;3.165;0
3.165;3.165;3.165;3.165;0
3.165;3.165;3.165;3.165;0
3.165;3.165;3.165;3.165;1192
3.165;3.165;3.165;3.165;0
3.165;3.165;3.165;3.165;0
3.165;3.165;3.165;3.165;0
3.165;3.165;3.165;3.165;0
3.155;3.16;3.16;3.155;1195
3.155;3.155;3.155;3.155;0
3.155;3.155;3.155;3.155;0
3.155;3.155;3.155;3.155;0
3.155;3.155;3.155;3.155;0
3.155;3.155;3.155;3.155;0
3.155;3.155;3.155;3.155;0
3.155;3.155;3.155;3.155;0
3.155;3.155;3.155;3.155;0
3.155;3.155;3.155;3.155;0
3.155;3.155;3.155;3.155;0
3.15;3.15;3.15;3.15;71
3.15;3.15;3.15;3.15;1129
3.145;3.145;3.145;3.145;1200
3.145;3.145;3.145;3.145;0
3.145;3.145;3.145;3.145;0
3.145;3.145;3.145;3.145;0
3.155;3.155;3.155;3.155;100
3.155;3.155;3.155;3.155;71
3.155;3.155;3.155;3.155;0
3.155;3.155;3.155;3.155;0
3.155;3.155;3.155;3.155;0
3.155;3.155;3.155;3.155;0
3.15;3.15;3.15;3.15;510
3.15;3.15;3.15;3.15;0
3.155;3.155;3.155;3.155;444
3.155;3.155;3.155;3.155;0
3.155;3.155;3.155;3.155;0
3.155;3.155;3.155;3.155;0
3.15;3.15;3.15;3.15;70
3.15;3.15;3.15;3.15;0
3.15;3.15;3.15;3.15;187
3.16;3.16;3.16;3.16;233
3.16;3.16;3.16;3.16;0
3.16;3.16;3.16;3.16;0
3.16;3.16;3.16;3.16;0
3.16;3.16;3.16;3.16;0
3.16;3.16;3.16;3.16;0
3.16;3.16;3.16;3.16;0
3.16;3.16;3.16;3.16;0
3.16;3.16;3.16;3.16;0
3.16;3.16;3.16;3.16;0
3.16;3.16;3.16;3.16;0
3.16;3.16;3.16;3.16;0
3.16;3.16;3.16;3.16;0
3.16;3.16;3.16;3.16;0
3.16;3.15;3.16;3.15;1787
3.15;3.15;3.15;3.15;1050
3.15;3.15;3.15;3.15;0
3.16;3.15;3.16;3.14;1416
3.16;3.16;3.16;3.16;0
3.16;3.16;3.16;3.16;0
3.16;3.16;3.16;3.16;0
3.16;3.16;3.16;3.16;0
3.16;3.16;3.16;3.16;1449
3.15;3.15;3.15;3.15;60
3.15;3.15;3.15;3.15;0
3.15;3.15;3.15;3.15;0
3.15;3.15;3.15;3.15;0
3.15;3.15;3.15;3.15;0
3.15;3.15;3.15;3.15;0
3.15;3.15;3.15;3.15;0
3.15;3.15;3.15;3.15;0
3.15;3.15;3.15;3.15;0
3.15;3.15;3.15;3.15;0
3.15;3.15;3.15;3.15;0
3.15;3.15;3.15;3.15;0
3.15;3.15;3.15;3.15;0
3.15;3.15;3.15;3.15;0
3.15;3.15;3.15;3.15;0
3.15;3.15;3.15;3.15;0
3.155;3.16;3.16;3.155;470
3.155;3.155;3.155;3.155;0
3.16;3.16;3.16;3.16;1500
3.16;3.16;3.16;3.16;3200
3.15;3.16;3.16;3.15;3010
3.15;3.15;3.15;3.15;500
3.15;3.15;3.15;3.15;0
3.15;3.15;3.15;3.15;0
3.15;3.15;3.15;3.15;0
3.15;3.15;3.15;3.15;0
3.16;3.15;3.16;3.15;14000
3.16;3.16;3.16;3.16;0
3.16;3.16;3.16;3.16;0
3.16;3.16;3.16;3.16;0
3.16;3.16;3.16;3.16;0
3.16;3.16;3.16;3.16;0
3.16;3.16;3.16;3.16;0
3.16;3.16;3.16;3.16;0
3.16;3.16;3.16;3.16;0
3.16;3.16;3.16;3.16;0
3.16;3.16;3.16;3.16;0
3.14;3.14;3.14;3.14;111
3.14;3.14;3.14;3.14;0
3.14;3.14;3.14;3.14;0
3.14;3.14;3.14;3.14;0
3.14;3.14;3.14;3.14;0
3.12;3.13;3.13;3.12;312
3.12;3.12;3.12;3.12;0
3.12;3.12;3.12;3.12;0
3.12;3.12;3.12;3.12;0
3.12;3.12;3.12;3.12;0
3.14;3.14;3.14;3.14;1800
3.14;3.14;3.14;3.14;0
3.14;3.14;3.14;3.14;0
3.14;3.14;3.14;3.14;0
3.14;3.14;3.14;3.14;0
3.14;3.14;3.14;3.14;0
3.14;3.14;3.14;3.14;0
3.14;3.14;3.14;3.14;0
3.14;3.14;3.14;3.14;0
3.14;3.14;3.14;3.14;0
3.14;3.14;3.14;3.14;0
3.14;3.14;3.14;3.14;0
3.13;3.13;3.13;3.13;71
3.13;3.13;3.13;3.13;0
3.13;3.13;3.13;3.13;0
3.13;3.13;3.13;3.13;0
3.13;3.13;3.13;3.13;0
3.13;3.13;3.13;3.13;0
3.13;3.13;3.13;3.13;0
3.13;3.13;3.13;3.13;0
3.13;3.13;3.13;3.13;0
3.13;3.13;3.13;3.13;0
3.13;3.13;3.13;3.13;0
3.13;3.13;3.13;3.13;126
3.14;3.14;3.14;3.14;612
3.14;3.14;3.14;3.14;0
3.14;3.14;3.14;3.14;1000
3.14;3.14;3.14;3.14;0
3.14;3.14;3.14;3.14;0
3.14;3.14;3.14;3.14;0
3.14;3.14;3.14;3.14;0
3.14;3.14;3.14;3.14;0
3.14;3.14;3.14;3.14;0
3.115;3.13;3.13;3.115;5507
3.115;3.115;3.115;3.115;0
3.115;3.115;3.115;3.115;705
3.115;3.115;3.115;3.115;940
3.12;3.12;3.12;3.12;705
3.145;3.145;3.145;3.145;28
3.145;3.16;3.16;3.145;1780
3.14;3.14;3.14;3.14;4
3.14;3.14;3.14;3.14;0
3.14;3.14;3.14;3.14;0
3.125;3.125;3.125;3.125;11
3.125;3.125;3.125;3.125;0
3.125;3.125;3.125;3.125;0
3.125;3.125;3.125;3.125;0
3.115;3.12;3.12;3.115;700
3.115;3.115;3.115;3.115;0
3.1;3.11;3.11;3.1;6041
3.125;3.11;3.125;3.11;771
3.125;3.125;3.125;3.125;0
3.125;3.125;3.125;3.125;0
3.125;3.125;3.125;3.125;0
3.125;3.125;3.125;3.125;0
3.125;3.125;3.125;3.125;0
3.12;3.12;3.12;3.12;50
3.12;3.12;3.12;3.12;0
3.12;3.12;3.12;3.12;0
3.11;3.12;3.12;3.11;651
3.11;3.11;3.11;3.11;0
3.11;3.11;3.11;3.11;0
3.11;3.11;3.11;3.11;0
3.11;3.11;3.11;3.11;705
3.11;3.12;3.12;3.11;132
3.11;3.11;3.11;3.11;0
3.11;3.11;3.11;3.11;0
3.11;3.11;3.11;3.11;0
3.12;3.12;3.12;3.12;500
3.12;3.12;3.12;3.12;295
3.12;3.12;3.12;3.12;0
3.12;3.12;3.12;3.12;0
3.12;3.12;3.12;3.12;0
3.12;3.12;3.12;3.12;0
3.12;3.12;3.12;3.12;0
3.11;3.11;3.11;3.11;448
3.11;3.11;3.11;3.11;0
3.11;3.11;3.11;3.11;0
3.11;3.11;3.11;3.11;0
3.11;3.11;3.11;3.11;0
3.11;3.11;3.11;3.11;0
3.11;3.11;3.11;3.11;0
3.11;3.11;3.11;3.11;0
3.11;3.11;3.11;3.11;0
3.11;3.11;3.11;3.11;0
3.11;3.11;3.11;3.11;0
3.11;3.11;3.11;3.11;0
3.11;3.11;3.11;3.11;0
3.11;3.11;3.11;3.11;0
3.11;3.11;3.11;3.11;0
3.1;3.105;3.105;3.1;20
3.1;3.1;3.1;3.1;0
3.12;3.12;3.12;3.12;1201
3.1;3.12;3.12;3.1;1118
3.125;3.12;3.125;3.12;1604
3.125;3.125;3.125;3.125;1133
3.125;3.125;3.125;3.125;1109
3.125;3.125;3.125;3.125;1133
3.125;3.125;3.125;3.125;1109
3.13;3.125;3.13;3.125;1139
3.12;3.13;3.13;3.12;2189
3.115;3.115;3.115;3.115;413
3.13;3.13;3.13;3.13;1117
3.13;3.13;3.13;3.11;2197
3.115;3.11;3.13;3.11;2198
3.15;3.135;3.15;3.115;3519
3.16;3.16;3.16;3.16;1034
3.16;3.16;3.16;3.16;1104
3.16;3.16;3.16;3.16;1146
3.16;3.16;3.16;3.16;1073
3.16;3.16;3.16;3.16;1020
3.14;3.16;3.16;3.14;3799
3.14;3.14;3.14;3.14;0
3.16;3.16;3.16;3.16;1124
3.16;3.16;3.16;3.14;3411
3.16;3.16;3.16;3.16;0
3.14;3.17;3.17;3.14;2178
3.16;3.165;3.165;3.14;3331
3.14;3.14;3.17;3.14;2193
3.165;3.165;3.165;3.165;1084
3.17;3.17;3.17;3.17;1087
3.17;3.17;3.17;3.17;640
3.17;3.17;3.17;3.17;0
3.17;3.165;3.17;3.165;3174
3.17;3.17;3.17;3.17;1089
3.17;3.17;3.17;3.17;1166
3.17;3.17;3.17;3.17;1009
3.17;3.17;3.17;3.17;1131
3.17;3.17;3.17;3.17;643
3.16;3.17;3.17;3.16;3012
3.15;3.165;3.175;3.15;2303
3.165;3.165;3.165;3.165;1122
3.16;3.165;3.165;3.16;5850
3.16;3.16;3.16;3.16;3
3.16;3.16;3.16;3.16;0
3.14;3.14;3.14;3.14;12
3.14;3.14;3.14;3.14;0
3.14;3.14;3.14;3.14;0
3.14;3.14;3.14;3.14;0
3.14;3.14;3.14;3.14;0
3.14;3.14;3.14;3.14;0
3.14;3.14;3.14;3.14;0
3.14;3.14;3.14;3.14;0
3.14;3.14;3.14;3.14;0
3.14;3.14;3.14;3.14;0
3.14;3.14;3.14;3.14;0
3.16;3.16;3.16;3.16;100
3.16;3.16;3.16;3.16;0
3.16;3.16;3.16;3.16;0
3.16;3.16;3.16;3.16;0
3.16;3.16;3.16;3.16;0
3.16;3.16;3.16;3.16;0
3.16;3.16;3.16;3.16;0
3.16;3.16;3.16;3.16;0
3.16;3.16;3.16;3.16;0
3.16;3.16;3.16;3.16;0
3.16;3.16;3.16;3.16;0
3.16;3.16;3.16;3.16;0
3.16;3.16;3.16;3.16;0
3.16;3.16;3.16;3.16;0
3.16;3.16;3.16;3.16;0
3.16;3.16;3.16;3.16;0
3.16;3.16;3.16;3.16;0
3.16;3.16;3.16;3.16;0
3.15;3.15;3.15;3.15;100
3.15;3.15;3.15;3.15;0
3.15;3.15;3.15;3.15;0
3.15;3.15;3.15;3.15;0
3.15;3.15;3.15;3.15;0
3.15;3.15;3.15;3.15;0
3.15;3.15;3.15;3.15;0
3.15;3.15;3.15;3.15;0
3.15;3.15;3.15;3.15;0
3.15;3.15;3.15;3.15;0
3.15;3.15;3.15;3.15;0
3.15;3.15;3.15;3.15;0
3.15;3.15;3.15;3.15;0
3.15;3.15;3.15;3.15;0
3.15;3.15;3.15;3.15;0
3.15;3.15;3.15;3.15;0
3.15;3.145;3.15;3.145;998
3.15;3.15;3.15;3.15;0
3.145;3.145;3.145;3.145;275
3.14;3.145;3.145;3.14;2743
3.14;3.14;3.14;3.14;0
3.14;3.14;3.14;3.14;0
3.14;3.14;3.14;3.14;0
3.14;3.14;3.14;3.14;0
3.14;3.14;3.14;3.14;0
3.14;3.14;3.14;3.14;11
3.145;3.145;3.145;3.145;520
3.145;3.145;3.145;3.145;0
3.145;3.145;3.145;3.145;0
3.145;3.145;3.145;3.145;0
3.145;3.145;3.145;3.145;0
3.145;3.145;3.145;3.145;0
3.145;3.145;3.145;3.145;0
3.135;3.15;3.15;3.135;900
3.135;3.135;3.135;3.135;0
3.135;3.135;3.135;3.135;0
3.135;3.135;3.135;3.135;0
3.135;3.135;3.135;3.135;0
3.135;3.135;3.135;3.135;0
3.135;3.135;3.135;3.135;0
3.135;3.135;3.135;3.135;0
3.135;3.135;3.135;3.135;0
3.135;3.135;3.135;3.135;0
3.135;3.135;3.135;3.135;0
3.135;3.135;3.135;3.135;0
3.14;3.14;3.14;3.14;1191
3.14;3.14;3.14;3.14;0
3.14;3.14;3.14;3.14;0
3.14;3.14;3.14;3.14;953
3.14;3.14;3.14;3.14;0
3.14;3.14;3.14;3.14;0
3.14;3.14;3.14;3.14;0
3.14;3.14;3.14;3.14;0
3.14;3.14;3.14;3.14;0
3.14;3.14;3.14;3.14;0
3.14;3.14;3.14;3.14;0
3.14;3.14;3.14;3.14;0
3.13;3.13;3.13;3.13;250
3.13;3.13;3.13;3.13;150
3.13;3.13;3.13;3.13;0
3.13;3.13;3.13;3.13;0
3.13;3.13;3.13;3.13;0
3.13;3.15;3.15;3.13;6125
3.16;3.12;3.16;3.12;1016
3.16;3.155;3.16;3.155;40
3.125;3.125;3.125;3.125;1
3.16;3.155;3.16;3.15;3938
3.16;3.16;3.16;3.16;0
3.16;3.16;3.16;3.16;0
3.16;3.16;3.16;3.16;0
3.16;3.16;3.16;3.16;1987
3.16;3.16;3.16;3.16;0
3.13;3.135;3.135;3.13;77
3.165;3.165;3.165;3.165;220
3.165;3.165;3.165;3.165;0
3.165;3.165;3.165;3.165;0
3.165;3.165;3.165;3.165;0
3.165;3.165;3.165;3.165;0
3.165;3.165;3.165;3.165;0
3.165;3.165;3.165;3.165;0
3.13;3.16;3.16;3.13;161
3.13;3.13;3.13;3.13;0
3.13;3.13;3.13;3.13;0
3.13;3.13;3.13;3.13;0
3.13;3.13;3.13;3.13;0
3.13;3.13;3.13;3.13;0
3.13;3.13;3.13;3.13;0
3.13;3.13;3.13;3.13;0
3.13;3.13;3.13;3.13;0
3.13;3.13;3.13;3.13;0
3.13;3.13;3.13;3.13;0
3.13;3.13;3.13;3.13;0
3.13;3.13;3.13;3.13;0
3.13;3.13;3.13;3.13;0
3.13;3.13;3.13;3.13;0
3.13;3.13;3.13;3.13;0
3.13;3.13;3.13;3.13;0
3.13;3.13;3.13;3.13;0
3.13;3.13;3.13;3.13;0
3.13;3.13;3.13;3.13;0
3.135;3.135;3.135;3.135;100
3.16;3.15;3.16;3.15;20
3.16;3.16;3.16;3.16;0
3.16;3.16;3.16;3.16;0
3.16;3.16;3.16;3.16;0
3.16;3.16;3.16;3.16;0
3.16;3.16;3.16;3.16;0
3.16;3.16;3.16;3.16;0
3.16;3.16;3.16;3.16;0
3.16;3.16;3.16;3.16;0
3.16;3.16;3.16;3.16;0
3.16;3.16;3.16;3.16;0
3.16;3.16;3.16;3.16;0
3.16;3.16;3.16;3.16;0
3.16;3.16;3.16;3.16;0
3.16;3.16;3.16;3.16;0
3.16;3.16;3.16;3.16;0
3.16;3.16;3.16;3.16;0
3.14;3.14;3.14;3.14;438
3.14;3.14;3.14;3.14;0
3.14;3.14;3.14;3.14;0
3.14;3.14;3.14;3.14;0
3.16;3.155;3.16;3.155;500
3.16;3.16;3.16;3.16;0
3.16;3.16;3.16;3.16;0
3.135;3.135;3.135;3.135;150
3.135;3.135;3.135;3.135;157
3.135;3.135;3.135;3.135;0
3.135;3.135;3.135;3.135;0
3.135;3.135;3.135;3.135;0
3.135;3.135;3.135;3.135;0
3.135;3.135;3.135;3.135;0
3.135;3.135;3.135;3.135;0
3.135;3.135;3.135;3.135;0
3.13;3.135;3.135;3.13;19323
3.12;3.125;3.125;3.12;2111
3.12;3.12;3.12;3.12;0
3.12;3.12;3.12;3.12;0
3.12;3.12;3.12;3.12;0
3.13;3.13;3.13;3.13;90
3.13;3.13;3.13;3.13;0
3.13;3.13;3.13;3.13;0
3.13;3.13;3.13;3.13;0
3.13;3.13;3.13;3.13;0
3.13;3.13;3.13;3.13;0
3.13;3.13;3.13;3.13;0
3.12;3.12;3.12;3.12;968
3.12;3.12;3.12;3.12;0
3.13;3.13;3.13;3.13;500
3.13;3.13;3.13;3.13;0
3.13;3.13;3.13;3.13;0
3.12;3.12;3.12;3.12;36
3.12;3.12;3.12;3.12;0
3.12;3.12;3.12;3.12;0
3.115;3.13;3.13;3.115;685
3.115;3.115;3.115;3.115;0
3.115;3.12;3.13;3.115;4108
3.11;3.11;3.11;3.11;600
3.125;3.12;3.125;3.12;1445
3.125;3.125;3.125;3.125;0
3.125;3.125;3.125;3.125;0
3.11;3.115;3.115;3.11;1034
3.11;3.11;3.11;3.11;953
3.11;3.11;3.11;3.11;0
3.125;3.125;3.125;3.125;953
3.125;3.125;3.125;3.125;0
3.125;3.125;3.125;3.125;0
3.125;3.125;3.125;3.125;0
3.125;3.125;3.125;3.125;0
3.11;3.125;3.125;3.11;1900
3.11;3.11;3.11;3.11;0
3.11;3.11;3.11;3.11;0
3.11;3.11;3.11;3.11;0
3.11;3.11;3.11;3.11;0
3.11;3.11;3.11;3.11;0
3.11;3.11;3.11;3.11;0
3.12;3.12;3.12;3.12;75
3.13;3.13;3.13;3.13;1
3.13;3.13;3.13;3.13;0
3.13;3.13;3.13;3.13;0
3.13;3.13;3.13;3.13;0
3.12;3.125;3.125;3.12;1466
3.12;3.12;3.12;3.12;261
3.12;3.12;3.12;3.12;0
3.115;3.115;3.115;3.115;226
3.12;3.12;3.12;3.12;320
3.12;3.12;3.12;3.12;1
3.12;3.12;3.12;3.12;0
3.11;3.115;3.115;3.11;5038
3.105;3.105;3.105;3.105;1642
3.105;3.105;3.105;3.105;0
3.11;3.11;3.115;3.11;10954
3.11;3.11;3.11;3.11;999
3.11;3.11;3.11;3.11;800
3.11;3.11;3.11;3.11;0
3.11;3.11;3.11;3.11;196
3.1;3.11;3.11;3.1;6170
3.06;3.09;3.09;3.06;6986
3.07;3.06;3.07;3.06;100
3.07;3.07;3.07;3.07;133
3.075;3.07;3.075;3.07;1000
3.08;3.06;3.08;3.06;2230
3.08;3.065;3.08;3.065;278
3.09;3.09;3.09;3.09;1200
3.06;3.08;3.08;3.06;10000
3.06;3.06;3.06;3.06;0
3.095;3.09;3.095;3.09;36
3.095;3.095;3.095;3.095;0
3.095;3.095;3.095;3.095;0
3.095;3.095;3.095;3.095;0
3.095;3.095;3.095;3.095;0
3.09;3.09;3.09;3.09;85
3.085;3.085;3.085;3.085;90
3.085;3.085;3.085;3.085;0
3.085;3.085;3.085;3.085;0
3.085;3.085;3.085;3.085;0
3.085;3.085;3.085;3.085;0
3.085;3.085;3.085;3.085;400
3.085;3.085;3.085;3.085;100
3.085;3.085;3.085;3.085;300
3.085;3.085;3.085;3.085;0
3.085;3.085;3.085;3.085;0
3.085;3.085;3.085;3.085;0
3.085;3.085;3.085;3.085;30
3.085;3.085;3.085;3.085;0
3.07;3.07;3.07;3.07;128
3.07;3.07;3.07;3.07;0
3.07;3.07;3.07;3.07;0
3.075;3.075;3.075;3.075;4
3.06;3.07;3.07;3.06;1383
3.07;3.065;3.07;3.065;1759
3.07;3.07;3.07;3.07;0
3.07;3.07;3.07;3.07;746
3.075;3.075;3.075;3.075;400
3.075;3.075;3.075;3.075;0
3.075;3.075;3.075;3.075;0
3.075;3.075;3.075;3.075;0
3.075;3.075;3.075;3.075;0
3.075;3.075;3.075;3.075;0
3.075;3.075;3.075;3.075;0
3.08;3.08;3.08;3.08;1000
3.08;3.08;3.08;3.08;0
3.08;3.08;3.08;3.08;0
3.08;3.08;3.08;3.08;0
3.08;3.08;3.08;3.08;0
3.085;3.085;3.085;3.085;450
3.075;3.085;3.085;3.075;1901
3.085;3.085;3.085;3.085;880
3.085;3.085;3.085;3.085;0
3.085;3.085;3.085;3.085;100
3.06;3.085;3.085;3.06;3481
3.02;3.03;3.03;3.005;24673
3.085;3.015;3.085;3.015;3795
3.05;3.05;3.05;3.05;1504
3.085;3.03;3.085;3.03;1215
3.085;3.085;3.085;3.085;0
3.085;3.085;3.085;3.085;0
3.05;3.085;3.09;3.05;1911
3.09;3.05;3.09;3.05;2287
3.09;3.09;3.09;3.09;0
3.09;3.09;3.09;3.09;0
3.09;3.09;3.09;3.09;515
3.06;3.07;3.07;3.06;2064
3.09;3.09;3.09;3.09;15
3.04;3.07;3.07;3.03;19000
3.015;3.025;3.025;3.015;3882
3.025;3.025;3.025;3.025;500
3.035;3.03;3.035;3.03;2364
3.04;3.04;3.04;3.04;32
3.04;3.04;3.04;3.04;5
3.04;3.04;3.04;3.04;0
3.015;3.035;3.045;3.01;9509
3.015;3.015;3.015;3.015;0
3.02;3.02;3.02;3.02;500
3.02;3.02;3.02;3.02;0
3.02;3.02;3.02;3.02;0
3.02;3.02;3.02;3.02;0
3.02;3.02;3.02;3.02;0
3.02;3.02;3.02;3.02;0
3.02;3.02;3.02;3.02;0
3.03;3.03;3.03;3.03;1131
3.045;3.03;3.045;3.03;378
3.03;3.03;3.03;3.03;145
3.03;3.03;3.03;3.03;0
3.03;3.03;3.03;3.03;0
3.045;3.03;3.045;3.03;1909
3.045;3.045;3.045;3.045;0
3.04;3.045;3.045;3.04;1600
3.045;3.045;3.045;3.045;181
3.045;3.04;3.045;3.04;7403
3.045;3.045;3.045;3.045;1
3.045;3.045;3.045;3.045;1633
3.045;3.045;3.045;3.045;0
3.05;3.05;3.05;3.05;386
3.05;3.05;3.05;3.05;0
3.05;3.05;3.05;3.05;1037
3.06;3.06;3.06;3.06;2133
3.06;3.06;3.06;3.06;0
3.06;3.06;3.06;3.06;0
3.06;3.06;3.06;3.06;1300
3.065;3.06;3.065;3.06;604
3.065;3.065;3.065;3.065;0
3.06;3.045;3.06;3.045;259
3.06;3.06;3.06;3.06;0
3.06;3.06;3.06;3.06;0
3.05;3.05;3.05;3.05;30
3.05;3.05;3.05;3.05;0
3.05;3.05;3.05;3.05;0
3.05;3.05;3.05;3.05;0
3.065;3.06;3.065;3.06;2142
3.065;3.065;3.065;3.065;0
3.07;3.07;3.07;3.07;170
3.06;3.06;3.06;3.06;131
3.055;3.055;3.055;3.055;10
3.05;3.05;3.05;3.05;404
3.06;3.05;3.06;3.05;400
3.06;3.045;3.06;3.045;1645
3.055;3.055;3.055;3.055;952
3.045;3.045;3.045;3.045;114
3.045;3.045;3.045;3.045;0
3.045;3.045;3.045;3.045;0
3.045;3.045;3.045;3.045;0
3.045;3.045;3.045;3.045;0
3.045;3.055;3.055;3.045;122
3.045;3.045;3.045;3.045;0
3.045;3.045;3.045;3.045;0
3.04;3.04;3.04;3.04;1705
3.04;3.04;3.04;3.04;235
3.04;3.04;3.04;3.04;647
3.04;3.04;3.04;3.04;0
3.04;3.04;3.04;3.04;0
3.04;3.04;3.04;3.04;131
3.04;3.04;3.04;3.04;44
3.04;3.04;3.04;3.04;0
3.04;3.04;3.04;3.04;0
3.04;3.04;3.04;3.04;0
3.04;3.04;3.04;3.04;0
3.055;3.055;3.055;3.055;105
3.055;3.055;3.055;3.055;0
3.05;3.05;3.05;3.05;500
3.05;3.05;3.05;3.05;0
3.055;3.055;3.055;3.055;500
3.055;3.055;3.055;3.055;0
3.055;3.055;3.055;3.055;0
3.05;3.045;3.05;3.04;7435
3.03;3.03;3.03;3.03;1300
3.03;3.03;3.03;3.03;0
3.065;3.065;3.065;3.065;5
3.065;3.065;3.065;3.065;0
3.065;3.065;3.065;3.065;0
3.065;3.065;3.065;3.065;0
3.06;3.06;3.06;3.06;200
3.06;3.06;3.06;3.06;650
3.06;3.06;3.06;3.06;0
3.06;3.06;3.06;3.06;0
3.06;3.06;3.06;3.06;0
3.04;3.04;3.04;3.04;354
3.05;3.05;3.05;3.05;310
3.05;3.05;3.05;3.05;0
3.05;3.05;3.05;3.05;0
3.05;3.05;3.05;3.05;0
3.05;3.05;3.05;3.05;0
3.05;3.045;3.05;3.045;1823
3.05;3.05;3.05;3.05;0
3.05;3.05;3.05;3.05;0
3.05;3.05;3.05;3.05;0
3.05;3.05;3.05;3.05;33
3.05;3.05;3.05;3.05;0
3.05;3.04;3.05;3.04;151
3.05;3.05;3.05;3.05;0
3.05;3.05;3.05;3.05;0
3.06;3.05;3.06;3.05;4269
3.08;3.065;3.08;3.065;14344
3.08;3.08;3.08;3.08;3848
3.08;3.08;3.08;3.08;0
3.08;3.08;3.08;3.08;190
3.08;3.08;3.08;3.08;0
3.08;3.08;3.08;3.08;0
3.065;3.065;3.065;3.065;1000
3.06;3.065;3.065;3.06;336
3.06;3.06;3.06;3.06;0
3.08;3.08;3.08;3.08;415
3.09;3.08;3.09;3.08;7225
3.08;3.08;3.08;3.08;5
3.08;3.08;3.08;3.08;0
3.08;3.08;3.08;3.08;0
3.06;3.06;3.06;3.06;1200
3.06;3.06;3.06;3.06;0
3.06;3.06;3.06;3.06;0
3.06;3.055;3.06;3.055;2000
3.06;3.06;3.06;3.06;0
3.06;3.06;3.06;3.06;0
3.06;3.06;3.06;3.06;0
3.06;3.06;3.06;3.06;0
3.06;3.06;3.06;3.06;0
3.06;3.06;3.06;3.06;0
3.06;3.06;3.06;3.06;0
3.06;3.06;3.06;3.06;0
3.06;3.06;3.06;3.06;0
3.06;3.06;3.06;3.06;0
3.06;3.06;3.06;3.06;0
3.06;3.06;3.06;3.06;0
3.05;3.055;3.055;3.05;1904
3.05;3.05;3.055;3.05;5941
3.05;3.05;3.05;3.05;0
3.05;3.05;3.05;3.05;0
3.05;3.05;3.05;3.05;1325
3.045;3.045;3.045;3.045;155
3.045;3.045;3.045;3.045;0
3.045;3.045;3.045;3.045;0
3.04;3.04;3.04;3.04;3
3.04;3.04;3.04;3.04;0
3.035;3.04;3.04;3.035;705
3.045;3.045;3.045;3.045;30
3.045;3.045;3.045;3.045;0
3.035;3.035;3.035;3.035;361
3.035;3.035;3.035;3.035;0
3.035;3.035;3.035;3.035;0
3.05;3.035;3.05;3.03;2556
3.05;3.03;3.05;3.03;1235
3.03;3.03;3.03;3.03;470
3.03;3.03;3.03;3.03;157
3.03;3.03;3.03;3.03;0
3.03;3.03;3.03;3.03;0
3.03;3.03;3.03;3.03;0
3.03;3.03;3.03;3.03;0
3.03;3.03;3.03;3.03;0
3.03;3.035;3.035;3.03;2989
3.025;3.03;3.03;3.025;3911
3.03;3.03;3.03;3.03;425
3.03;3.03;3.03;3.03;2
3.04;3.04;3.04;3.04;10
3.03;3.03;3.03;3.03;1000
3.03;3.03;3.03;3.03;0
3.03;3.03;3.03;3.03;333
3.03;3.03;3.03;3.03;0
3.03;3.03;3.03;3.03;267
3.03;3.03;3.03;3.03;1801
3.025;3.03;3.03;3.025;5316
3.02;3.02;3.02;3.02;1653
3.025;3.025;3.025;3.025;500
3.025;3.025;3.025;3.025;0
3.025;3.025;3.025;3.025;0
3.06;3.05;3.06;3.05;1190
3.06;3.06;3.06;3.06;1075
3.06;3.06;3.06;3.06;0
3.06;3.06;3.06;3.06;0
3.06;3.06;3.06;3.06;100
3.05;3.05;3.05;3.05;450
3.06;3.06;3.06;3.06;415
3.06;3.06;3.06;3.06;250
3.05;3.05;3.05;3.05;235
3.04;3.05;3.05;3.04;5564
3.04;3.04;3.04;3.04;0
3.065;3.04;3.065;3.04;5939
3.04;3.07;3.075;3.04;8465
3.05;3.03;3.05;3.03;2530
3.02;3.03;3.03;3.02;19833
3.02;3.02;3.02;3.02;0
3.02;3.02;3.02;3.02;1715
3.02;3.02;3.02;3.02;2000
3.02;3.02;3.02;3.02;5005
3.02;3.02;3.02;3.02;0
3.02;3.02;3.02;3.02;30
3.02;3.02;3.02;3.02;59
3.02;3.02;3.02;3.02;1000
3.02;3.02;3.02;3.02;18556
3.02;3.02;3.02;3.02;13600
3.02;3.02;3.02;3.02;666
3.02;3.02;3.02;3.02;2500
3.02;3.015;3.02;3.015;750
3.02;3.02;3.02;3.02;0
3.02;3.02;3.02;3.02;0
3.02;3.02;3.02;3.02;0
3.02;3.02;3.02;3.02;0
3.02;3.02;3.02;3.02;3500
3.02;3.02;3.02;3.02;33
3.02;3.02;3.02;3.02;9
3.02;3.02;3.02;3.02;600
3.02;3.02;3.02;3.015;5230
3.02;3.02;3.02;3.02;1000
3.015;3.02;3.02;3.015;2800
3.015;3.015;3.015;3.015;0
3.015;3.015;3.015;3.015;0
3.015;3.015;3.015;3.015;0
3.015;3.015;3.015;3.015;0
3.015;3.015;3.015;3.015;0
3.015;3.015;3.015;3.015;0
3.02;3.02;3.02;3.02;200
3.02;3.02;3.02;3.02;0
3.02;3.02;3.02;3.02;0
3.02;3.02;3.02;3.02;0
3.02;3.02;3.02;3.02;0
3.02;3.02;3.02;3.02;11499
3.02;3.02;3.02;3.015;44439
3.015;3.015;3.015;3.015;2998
3.015;3.015;3.015;3.015;656
3.03;3.02;3.03;3.02;15833
3.03;3.03;3.03;3.03;100
3.03;3.03;3.03;3.03;0
3.03;3.03;3.03;3.03;0
3.03;3.03;3.03;3.03;2300
3.03;3.03;3.03;3.03;0
3.03;3.03;3.03;3.03;0
3.03;3.03;3.03;3.03;0
3.03;3.03;3.03;3.03;0
3.03;3.03;3.03;3.03;0
3.03;3.03;3.03;3.03;0
3.03;3.03;3.03;3.03;0
3.03;3.03;3.03;3.03;0
3.03;3.03;3.03;3.03;0
3.03;3.03;3.03;3.03;0
3.03;3.03;3.03;3.03;0
3.03;3.025;3.03;3.025;612
3.03;3.03;3.03;3.03;0
3.03;3.03;3.03;3.03;211
3.03;3.03;3.03;3.03;0
3.03;3.03;3.03;3.03;0
3.03;3.03;3.03;3.03;0
3.035;3.035;3.035;3.035;33
3.035;3.035;3.035;3.035;0
3.035;3.035;3.035;3.035;2082
3.03;3.03;3.03;3.03;521
3.03;3.03;3.03;3.03;885
3.03;3.03;3.03;3.03;0
3.03;3.03;3.03;3.03;0
3.03;3.03;3.03;3.03;0
3.03;3.03;3.03;3.03;567
3.03;3.03;3.03;3.03;0
3.035;3.035;3.035;3.035;705
3.035;3.035;3.035;3.035;1131
3.04;3.04;3.04;3.04;470
3.04;3.04;3.04;3.04;0
3.05;3.04;3.05;3.04;2559
3.03;3.03;3.03;3.03;6567
3.02;3.03;3.03;3.02;4350
3.025;3.025;3.025;3.025;955
3.02;3.025;3.025;3.02;65952
3.035;3.02;3.035;3.02;252
3.02;3.035;3.035;3.02;2050
3.02;3.02;3.02;3.02;954
3.02;3.025;3.025;3.02;1263
3.02;3.02;3.02;3.02;140
3.02;3.02;3.02;3.01;3028
3.02;3.02;3.02;3.02;0
3.02;3.02;3.02;3.02;0
3.02;3.02;3.02;3.02;0
3.01;3.02;3.02;3.01;10150
2.98;3.01;3.01;2.98;24607
2.98;2.98;3.01;2.98;8797
2.98;2.98;2.98;2.98;0
2.98;2.98;2.98;2.98;0
2.98;2.98;2.98;2.98;176
2.98;2.98;2.98;2.98;0
2.98;2.99;2.99;2.98;800
2.98;2.98;2.98;2.98;50
3.01;3.0;3.01;3.0;4482
3.005;3.0;3.005;3.0;931
3.0;3.0;3.0;3.0;30
2.995;3.0;3.0;2.995;510
2.995;2.995;2.995;2.995;5
2.995;2.995;2.995;2.995;0
2.98;2.98;2.98;2.96;7700
2.945;2.96;2.96;2.945;1574
2.96;2.98;2.98;2.925;4888
2.975;2.975;2.975;2.975;1500
2.975;2.975;2.975;2.975;0
2.935;2.965;2.965;2.935;2893
2.935;2.935;2.935;2.935;0
2.97;2.97;2.97;2.97;100
2.97;2.97;2.97;2.97;0
2.97;2.97;2.97;2.97;0
2.96;2.96;2.96;2.96;500
2.96;2.955;2.96;2.955;2010
2.96;2.96;2.96;2.96;0
2.96;2.96;2.96;2.96;0
2.96;2.96;2.96;2.96;0
2.95;2.95;2.95;2.95;10
2.95;2.95;2.95;2.95;0
2.95;2.95;2.95;2.95;0
2.95;2.95;2.95;2.95;0
2.96;2.96;2.96;2.96;4
2.95;2.95;2.95;2.95;120
2.955;2.955;2.955;2.955;100
2.95;2.955;2.955;2.95;110
2.95;2.95;2.95;2.95;0
2.95;2.95;2.95;2.95;0
2.95;2.95;2.95;2.95;0
2.96;2.96;2.96;2.96;200
2.95;2.95;2.95;2.94;2556
2.955;2.955;2.955;2.94;1805
2.955;2.955;2.955;2.955;790
2.94;2.945;2.945;2.94;4000
2.94;2.94;2.94;2.935;1550
2.93;2.935;2.935;2.93;16467
2.93;2.93;2.93;2.93;1000
2.93;2.93;2.93;2.93;0
2.925;2.925;2.925;2.925;9361
2.925;2.925;2.925;2.925;2135
2.925;2.925;2.925;2.925;1305
2.925;2.925;2.925;2.92;8360
2.92;2.925;2.925;2.92;13081
2.92;2.925;2.925;2.92;1999
2.925;2.925;2.925;2.925;781
2.925;2.925;2.925;2.925;1020
2.925;2.925;2.925;2.925;0
2.925;2.925;2.925;2.925;1705
2.925;2.925;2.925;2.925;0
2.92;2.925;2.925;2.92;2320
2.92;2.92;2.92;2.92;150
2.92;2.92;2.92;2.92;0
2.925;2.915;2.925;2.915;1270
2.925;2.92;2.925;2.905;11079
2.92;2.925;2.925;2.92;3730
2.925;2.92;2.925;2.92;1573
2.925;2.925;2.925;2.925;1000
2.9;2.91;2.92;2.9;18631
2.9;2.9;2.9;2.9;0
2.9;2.9;2.9;2.9;1700
2.9;2.9;2.9;2.9;3034
2.9;2.9;2.9;2.9;390
2.9;2.9;2.9;2.9;1595
2.885;2.9;2.9;2.885;3445
2.895;2.895;2.895;2.895;598
2.9;2.9;2.9;2.9;700
2.9;2.9;2.9;2.895;2731
2.9;2.9;2.9;2.89;10335
2.9;2.9;2.9;2.9;0
2.85;2.9;2.9;2.85;23397
2.82;2.845;2.845;2.82;17110
2.845;2.82;2.845;2.82;3712
2.845;2.83;2.845;2.83;17112
2.85;2.845;2.85;2.835;32120
2.85;2.85;2.87;2.85;504
2.85;2.84;2.85;2.84;4214
2.84;2.85;2.85;2.84;6018
2.84;2.85;2.85;2.84;1648
2.845;2.845;2.845;2.845;1500
2.85;2.85;2.85;2.845;4553
2.85;2.84;2.85;2.84;7137
2.845;2.845;2.845;2.84;441
2.845;2.845;2.845;2.845;400
2.84;2.84;2.845;2.84;1966
2.845;2.84;2.845;2.84;423
2.845;2.845;2.845;2.845;0
2.84;2.84;2.84;2.84;600
2.84;2.84;2.84;2.84;715
2.84;2.84;2.84;2.84;0
2.84;2.84;2.845;2.84;4130
2.84;2.84;2.845;2.835;28042
2.83;2.84;2.84;2.83;11720
2.84;2.84;2.84;2.84;1700
2.84;2.84;2.84;2.84;5010
2.83;2.83;2.83;2.83;3040
2.84;2.84;2.84;2.84;1141
2.84;2.835;2.84;2.835;1590
2.84;2.835;2.84;2.835;35
2.84;2.84;2.84;2.84;1000
2.84;2.84;2.84;2.84;33
2.83;2.83;2.83;2.83;65
2.835;2.835;2.835;2.835;100
2.84;2.84;2.84;2.84;4
2.84;2.84;2.84;2.84;28000
2.835;2.83;2.835;2.83;809
2.82;2.83;2.83;2.82;2783
2.82;2.82;2.82;2.82;0
2.83;2.83;2.83;2.83;17
2.83;2.83;2.83;2.83;0
2.83;2.83;2.83;2.83;496
2.83;2.83;2.83;2.83;1029
2.825;2.825;2.825;2.825;713
2.825;2.825;2.825;2.825;357
2.83;2.83;2.83;2.83;2269
2.83;2.83;2.83;2.83;1000
2.81;2.825;2.825;2.81;11915
2.81;2.81;2.81;2.81;2158
2.815;2.815;2.815;2.815;500
2.805;2.81;2.82;2.805;2331
2.805;2.805;2.805;2.805;595
2.81;2.82;2.82;2.81;1183
2.82;2.815;2.82;2.815;5010
2.81;2.81;2.81;2.81;328
2.815;2.81;2.815;2.81;149
2.81;2.81;2.81;2.81;17241
2.81;2.81;2.81;2.81;2118
2.795;2.805;2.805;2.795;26432
2.795;2.8;2.8;2.795;88
2.8;2.8;2.8;2.8;1112
2.79;2.79;2.79;2.785;5969
2.79;2.79;2.79;2.79;1747
2.79;2.79;2.79;2.79;3000
2.79;2.79;2.79;2.79;3280
2.79;2.79;2.79;2.78;2064
2.79;2.79;2.79;2.79;506
2.79;2.79;2.79;2.79;593
2.785;2.79;2.79;2.785;505
2.79;2.785;2.79;2.78;1963
2.79;2.78;2.79;2.78;2144
2.79;2.79;2.79;2.79;0
2.79;2.79;2.79;2.79;880
2.79;2.79;2.79;2.79;0
2.79;2.79;2.79;2.79;10
2.79;2.79;2.79;2.77;1690
2.79;2.79;2.79;2.79;10126
2.79;2.79;2.79;2.79;11821
2.79;2.79;2.79;2.79;0
2.78;2.79;2.79;2.78;391
2.78;2.78;2.78;2.78;600
2.775;2.79;2.79;2.775;1623
2.775;2.775;2.775;2.775;0
2.775;2.775;2.775;2.775;0
2.775;2.775;2.775;2.775;0
2.775;2.775;2.775;2.775;0
2.775;2.775;2.775;2.775;0
2.79;2.79;2.79;2.78;19397
2.79;2.79;2.79;2.79;20959
2.79;2.79;2.79;2.79;9048
2.795;2.79;2.795;2.79;11400
2.795;2.795;2.795;2.795;263
2.795;2.795;2.795;2.795;8326
2.795;2.795;2.795;2.795;200
2.79;2.8;2.8;2.79;300
2.8;2.79;2.8;2.79;36446
2.8;2.805;2.805;2.8;2137
2.805;2.805;2.805;2.805;5
2.79;2.8;2.8;2.79;3630
2.79;2.79;2.79;2.79;0
2.805;2.8;2.805;2.79;5472
2.805;2.805;2.805;2.805;0
2.8;2.8;2.8;2.8;25
2.8;2.8;2.8;2.8;0
2.8;2.795;2.8;2.775;1857
2.8;2.805;2.805;2.8;3945
2.79;2.8;2.8;2.79;1989
2.79;2.79;2.79;2.775;1561
2.79;2.79;2.79;2.79;0
2.79;2.79;2.79;2.79;0
2.8;2.775;2.8;2.76;9566
2.755;2.76;2.76;2.755;1235
2.755;2.755;2.755;2.755;0
2.78;2.78;2.78;2.76;5900
2.78;2.78;2.78;2.78;162
2.77;2.77;2.77;2.76;4309
2.76;2.76;2.76;2.76;2438
2.77;2.77;2.77;2.77;1866
2.77;2.76;2.77;2.75;7607
2.755;2.76;2.76;2.755;2659
2.755;2.76;2.76;2.755;2000
2.77;2.76;2.77;2.75;10981
2.77;2.77;2.77;2.77;50
2.77;2.77;2.77;2.77;1719
2.77;2.77;2.77;2.77;0
2.77;2.77;2.77;2.77;1500
2.77;2.77;2.77;2.77;1500
2.77;2.77;2.77;2.77;4
2.74;2.76;2.76;2.74;14310
2.755;2.755;2.755;2.75;1080
2.755;2.755;2.755;2.755;710
2.755;2.755;2.755;2.755;1033
2.755;2.755;2.755;2.755;1136
2.755;2.755;2.755;2.755;250
2.76;2.76;2.76;2.76;1751
2.76;2.76;2.76;2.75;4207
2.76;2.76;2.76;2.76;0
2.76;2.76;2.76;2.76;0
2.76;2.76;2.76;2.76;0
2.76;2.76;2.76;2.76;0
2.78;2.78;2.78;2.78;500
2.78;2.78;2.78;2.78;0
2.8;2.78;2.8;2.77;21371
2.8;2.8;2.8;2.8;0
2.8;2.8;2.8;2.8;0
2.8;2.8;2.8;2.8;0
2.8;2.8;2.8;2.8;0
2.8;2.795;2.8;2.78;12194
2.8;2.8;2.8;2.8;15190
2.8;2.8;2.8;2.8;0
2.8;2.8;2.8;2.8;1020
2.8;2.8;2.8;2.8;512
2.8;2.8;2.8;2.8;1410
2.765;2.795;2.795;2.765;6039
2.765;2.765;2.765;2.765;0
2.77;2.77;2.77;2.75;15995
2.77;2.77;2.77;2.77;500
2.78;2.78;2.78;2.78;73
2.78;2.78;2.78;2.78;927
2.75;2.78;2.78;2.75;8100
2.78;2.78;2.78;2.78;6684
2.77;2.77;2.77;2.77;5000
2.77;2.77;2.77;2.77;0
2.78;2.78;2.78;2.78;8959
2.78;2.78;2.78;2.78;502
2.77;2.77;2.77;2.77;1477
2.78;2.785;2.785;2.78;1879
2.775;2.77;2.775;2.77;4171
2.75;2.76;2.76;2.75;4308
2.75;2.75;2.75;2.75;0
2.75;2.77;2.77;2.75;5929
2.75;2.75;2.75;2.75;0
2.78;2.78;2.78;2.78;214
2.78;2.78;2.78;2.78;1791
2.78;2.78;2.78;2.78;0
2.755;2.765;2.765;2.755;16760
2.755;2.755;2.755;2.745;4980
2.75;2.755;2.755;2.75;4000
2.75;2.755;2.76;2.75;6526
2.745;2.75;2.755;2.745;2180
2.755;2.755;2.755;2.75;3757
2.75;2.755;2.755;2.75;1000
2.75;2.75;2.76;2.75;4851
2.75;2.75;2.75;2.75;0
2.755;2.755;2.755;2.755;646
2.76;2.76;2.76;2.76;120
2.75;2.755;2.755;2.75;3870
2.75;2.755;2.755;2.75;6207
2.755;2.755;2.755;2.755;20
2.755;2.75;2.755;2.75;17549
2.75;2.75;2.755;2.75;24116
2.75;2.75;2.75;2.75;0
2.75;2.745;2.75;2.745;3130
2.745;2.75;2.75;2.745;3200
2.75;2.75;2.75;2.75;2920
2.75;2.75;2.75;2.75;0
2.745;2.745;2.745;2.735;4560
2.75;2.75;2.75;2.75;2610
2.75;2.75;2.75;2.75;721
2.75;2.75;2.75;2.75;1080
2.75;2.75;2.75;2.75;15
2.75;2.755;2.755;2.75;5677
2.76;2.755;2.76;2.755;8233
2.76;2.76;2.76;2.76;0
2.78;2.775;2.78;2.775;7000
2.78;2.78;2.78;2.78;2070
2.785;2.78;2.785;2.78;6227
2.785;2.785;2.79;2.785;4099
2.785;2.785;2.785;2.785;0
2.79;2.785;2.79;2.785;3500
2.79;2.79;2.79;2.79;0
2.79;2.79;2.79;2.79;2700
2.795;2.795;2.795;2.795;1500
2.795;2.795;2.795;2.795;0
2.795;2.795;2.795;2.795;0
2.795;2.795;2.795;2.795;150
2.795;2.795;2.795;2.795;0
2.795;2.795;2.795;2.795;0
2.795;2.795;2.795;2.795;300
2.795;2.795;2.795;2.795;0
2.79;2.795;2.795;2.79;4588
2.79;2.79;2.79;2.79;0
2.79;2.79;2.79;2.79;134
2.79;2.79;2.79;2.79;0
2.79;2.79;2.79;2.79;683
2.79;2.79;2.79;2.79;1303
2.795;2.79;2.795;2.79;3750
2.795;2.795;2.795;2.795;0
2.795;2.795;2.795;2.795;0
2.795;2.795;2.795;2.795;0
2.8;2.8;2.8;2.8;500
2.8;2.8;2.8;2.8;1499
2.8;2.8;2.8;2.8;0
2.8;2.8;2.8;2.8;0
2.8;2.8;2.8;2.8;0
2.8;2.8;2.8;2.8;2000
2.8;2.8;2.8;2.8;0
2.8;2.8;2.8;2.8;0
2.8;2.8;2.8;2.8;0
2.785;2.785;2.785;2.785;3000
2.785;2.785;2.785;2.785;0
2.785;2.785;2.785;2.785;0
2.795;2.795;2.795;2.795;4000
2.795;2.795;2.795;2.795;0
2.8;2.795;2.8;2.78;3347
2.8;2.8;2.8;2.8;0
2.8;2.8;2.8;2.8;1000
2.8;2.8;2.8;2.8;357
2.8;2.79;2.8;2.79;5951
2.8;2.8;2.8;2.8;0
2.805;2.8;2.805;2.8;6000
2.81;2.81;2.81;2.81;1000
2.81;2.81;2.81;2.81;200
2.805;2.81;2.81;2.805;2780
2.805;2.805;2.805;2.805;0
2.805;2.805;2.805;2.8;1826
2.805;2.805;2.805;2.805;2331
2.79;2.79;2.79;2.79;1000
2.78;2.785;2.785;2.78;8000
2.78;2.78;2.78;2.78;0
2.78;2.79;2.79;2.78;1173
2.78;2.78;2.78;2.78;0
2.78;2.78;2.78;2.78;0
2.78;2.78;2.78;2.78;4000
2.795;2.795;2.795;2.795;700
2.795;2.795;2.795;2.795;0
2.79;2.79;2.79;2.79;460
2.795;2.795;2.795;2.795;71
2.795;2.795;2.795;2.795;0
2.79;2.795;2.795;2.79;1100
2.79;2.79;2.79;2.79;0
2.79;2.79;2.79;2.79;3128
2.795;2.795;2.795;2.795;850
2.795;2.795;2.795;2.795;0
2.79;2.79;2.79;2.79;1000
2.79;2.79;2.79;2.79;0
2.79;2.79;2.79;2.79;0
2.79;2.79;2.79;2.79;1851
2.79;2.79;2.79;2.79;0
2.795;2.79;2.795;2.79;6756
2.795;2.795;2.795;2.795;3731
2.795;2.795;2.795;2.795;1010
2.795;2.795;2.795;2.795;0
2.79;2.79;2.79;2.79;3031
2.79;2.79;2.79;2.79;0
2.8;2.8;2.8;2.8;867
2.795;2.795;2.795;2.795;16
2.795;2.795;2.795;2.795;0
2.78;2.795;2.795;2.78;2000
2.8;2.8;2.8;2.8;20
2.8;2.8;2.8;2.8;1471
2.8;2.8;2.8;2.8;60
2.8;2.8;2.8;2.8;0
2.8;2.8;2.8;2.8;0
2.8;2.795;2.8;2.78;5881
2.8;2.8;2.8;2.8;0
2.8;2.8;2.8;2.8;0
2.8;2.8;2.8;2.8;0
2.8;2.78;2.8;2.78;4906
2.8;2.8;2.8;2.8;400
2.8;2.8;2.8;2.8;0
2.8;2.8;2.8;2.8;3058
2.8;2.8;2.8;2.8;0
2.78;2.78;2.78;2.78;1404
2.78;2.78;2.78;2.78;0
2.78;2.78;2.78;2.78;0
2.78;2.78;2.78;2.78;0
2.78;2.78;2.78;2.78;0
2.79;2.79;2.79;2.79;521
2.79;2.79;2.79;2.79;430
2.79;2.79;2.79;2.79;0
2.79;2.79;2.79;2.79;0
2.79;2.79;2.79;2.79;0
2.79;2.78;2.79;2.78;2887
2.785;2.79;2.79;2.785;2188
2.785;2.785;2.785;2.785;0
2.77;2.78;2.78;2.77;5228
2.77;2.77;2.77;2.77;0
2.8;2.8;2.8;2.8;4
2.77;2.77;2.77;2.77;500
2.77;2.77;2.77;2.77;705
2.785;2.785;2.785;2.785;200
2.76;2.77;2.77;2.76;15000
2.76;2.76;2.76;2.76;0
2.775;2.78;2.78;2.77;2122
2.78;2.775;2.78;2.775;1000
2.78;2.76;2.78;2.76;2500
2.78;2.78;2.78;2.78;0
2.76;2.76;2.76;2.76;4213
2.78;2.78;2.78;2.78;5
2.78;2.78;2.78;2.78;0
2.755;2.76;2.76;2.75;2526
2.74;2.75;2.75;2.74;5000
2.78;2.76;2.78;2.76;4600
2.78;2.78;2.78;2.78;2500
2.78;2.78;2.78;2.78;0
2.78;2.78;2.78;2.78;0
2.78;2.78;2.78;2.78;0
2.78;2.78;2.78;2.78;50
2.78;2.78;2.78;2.78;0
2.76;2.765;2.765;2.76;4000
2.76;2.76;2.76;2.76;1000
2.76;2.76;2.76;2.76;0
2.76;2.76;2.76;2.76;95
2.76;2.76;2.76;2.76;0
2.78;2.78;2.78;2.78;5
2.78;2.78;2.78;2.78;0
2.78;2.78;2.78;2.78;0
2.765;2.765;2.765;2.765;500
2.765;2.765;2.765;2.765;0
2.765;2.765;2.765;2.765;0
2.765;2.765;2.765;2.765;0
2.78;2.78;2.78;2.78;1555
2.78;2.78;2.78;2.78;2600
2.78;2.78;2.78;2.78;0
2.78;2.78;2.78;2.78;0
2.78;2.78;2.78;2.78;0
2.78;2.76;2.78;2.76;5536
2.78;2.78;2.78;2.78;505
2.78;2.78;2.78;2.78;0
2.78;2.77;2.78;2.77;983
2.78;2.78;2.78;2.78;0
2.76;2.765;2.765;2.76;1036
2.76;2.76;2.76;2.76;0
2.765;2.765;2.765;2.75;4696
2.77;2.77;2.77;2.77;16
2.77;2.77;2.77;2.77;0
2.77;2.77;2.77;2.77;0
2.75;2.755;2.755;2.75;1438
2.75;2.75;2.75;2.75;0
2.75;2.75;2.75;2.75;0
2.76;2.755;2.76;2.755;173
2.76;2.76;2.76;2.76;0
2.75;2.75;2.75;2.75;705
2.75;2.75;2.75;2.75;0
2.75;2.75;2.75;2.75;0
2.75;2.755;2.775;2.75;10201
2.78;2.78;2.78;2.78;317
2.78;2.78;2.78;2.78;116
2.78;2.78;2.78;2.78;0
2.78;2.77;2.78;2.77;2875
2.78;2.78;2.78;2.78;390
2.75;2.76;2.76;2.75;5000
2.775;2.775;2.775;2.775;400
2.775;2.775;2.775;2.775;0
2.78;2.775;2.78;2.775;1811
2.78;2.78;2.78;2.78;0
2.78;2.76;2.78;2.76;229
2.78;2.78;2.78;2.78;0
2.785;2.785;2.785;2.785;10
2.785;2.785;2.785;2.785;870
2.785;2.78;2.785;2.78;14000
2.785;2.785;2.785;2.785;1500
2.785;2.785;2.785;2.785;0
2.785;2.785;2.785;2.785;500
2.785;2.785;2.785;2.785;0
2.785;2.785;2.785;2.785;3081
2.785;2.785;2.785;2.785;0
2.785;2.785;2.785;2.785;0
2.785;2.785;2.785;2.785;110
2.78;2.78;2.78;2.78;1901
2.78;2.78;2.78;2.78;0
2.78;2.78;2.78;2.78;0
2.785;2.785;2.785;2.785;19
2.775;2.775;2.775;2.775;800
2.775;2.775;2.775;2.775;0
2.775;2.775;2.775;2.775;0
2.775;2.775;2.775;2.775;0
2.775;2.775;2.775;2.775;0
2.785;2.785;2.785;2.785;10
2.785;2.785;2.785;2.785;0
2.79;2.79;2.79;2.79;500
2.79;2.79;2.79;2.79;0
2.79;2.79;2.79;2.79;7
2.79;2.79;2.79;2.79;0
2.79;2.79;2.79;2.79;0
2.79;2.79;2.79;2.79;785
2.79;2.79;2.79;2.79;1390
2.79;2.79;2.79;2.79;0
2.79;2.79;2.79;2.79;0
2.79;2.79;2.79;2.79;0
2.795;2.795;2.795;2.795;65
2.795;2.795;2.795;2.795;0
2.795;2.795;2.795;2.795;0
2.78;2.785;2.785;2.78;1612
2.78;2.78;2.78;2.78;0
2.78;2.78;2.78;2.78;0
2.78;2.78;2.78;2.78;0
2.78;2.78;2.78;2.78;0
2.78;2.78;2.78;2.78;1441
2.775;2.775;2.775;2.775;598
2.775;2.775;2.775;2.775;0
2.775;2.775;2.775;2.775;0
2.775;2.775;2.775;2.775;0
2.775;2.775;2.775;2.775;0
2.78;2.78;2.78;2.78;10
2.75;2.78;2.78;2.75;16067
2.775;2.77;2.775;2.75;19004
2.775;2.775;2.775;2.775;0
2.775;2.775;2.775;2.775;0
2.775;2.775;2.775;2.775;0
2.775;2.775;2.775;2.775;0
2.775;2.775;2.775;2.775;0
2.775;2.775;2.775;2.775;0
2.775;2.77;2.775;2.77;1532
2.775;2.775;2.775;2.775;0
2.76;2.755;2.76;2.755;1357
2.76;2.76;2.76;2.76;0
2.76;2.76;2.76;2.76;0
2.77;2.77;2.77;2.77;110
2.77;2.77;2.77;2.77;0
2.77;2.77;2.77;2.77;0
2.77;2.77;2.77;2.77;0
2.77;2.77;2.77;2.77;100
2.75;2.755;2.755;2.75;3878
2.76;2.76;2.76;2.76;34
2.76;2.76;2.76;2.76;43
2.76;2.76;2.76;2.76;0
2.75;2.75;2.75;2.75;2000
2.75;2.75;2.75;2.75;0
2.75;2.75;2.75;2.75;0
2.75;2.75;2.75;2.75;875
2.75;2.75;2.75;2.75;1
2.75;2.75;2.75;2.75;0
2.755;2.745;2.755;2.73;20133
2.725;2.73;2.73;2.72;710
2.725;2.725;2.725;2.725;0
2.735;2.735;2.735;2.735;5000
2.725;2.725;2.725;2.725;600
2.725;2.725;2.725;2.725;800
2.735;2.735;2.735;2.735;2643
2.72;2.73;2.73;2.72;11663
2.73;2.72;2.73;2.72;7034
2.73;2.73;2.73;2.73;504
2.73;2.73;2.73;2.73;36
2.73;2.73;2.73;2.73;0
2.75;2.74;2.75;2.74;21654
2.75;2.75;2.75;2.75;0
2.75;2.75;2.75;2.75;0
2.765;2.765;2.765;2.765;1254
2.765;2.765;2.765;2.765;0
2.765;2.765;2.765;2.765;0
2.735;2.735;2.735;2.735;37
2.735;2.735;2.735;2.735;0
2.735;2.735;2.735;2.735;0
2.735;2.735;2.735;2.735;0
2.755;2.755;2.755;2.755;10
2.755;2.755;2.755;2.755;0
2.755;2.755;2.755;2.755;0
2.735;2.735;2.735;2.735;194
2.735;2.735;2.735;2.735;0
2.765;2.765;2.765;2.765;750
2.75;2.75;2.75;2.75;2386
2.75;2.75;2.75;2.75;0
2.73;2.745;2.745;2.73;2418
2.73;2.73;2.73;2.73;0
2.74;2.74;2.74;2.74;200
2.74;2.74;2.74;2.74;0
2.74;2.74;2.74;2.74;0
2.74;2.755;2.755;2.74;9974
2.74;2.74;2.74;2.74;0
2.74;2.74;2.74;2.74;0
2.75;2.755;2.755;2.75;1500
2.75;2.75;2.75;2.75;0
2.75;2.75;2.75;2.75;0
2.75;2.75;2.75;2.75;0
2.75;2.75;2.75;2.75;0
2.75;2.75;2.75;2.75;0
2.75;2.75;2.75;2.75;0
2.75;2.75;2.75;2.75;0
2.745;2.745;2.745;2.745;1900
2.755;2.755;2.755;2.755;2000
2.74;2.74;2.74;2.74;30
2.74;2.74;2.74;2.74;0
2.74;2.74;2.74;2.74;0
2.74;2.74;2.74;2.74;0
2.74;2.74;2.74;2.74;0
2.755;2.755;2.755;2.755;1190
2.755;2.755;2.755;2.755;496
2.755;2.755;2.755;2.755;370
2.755;2.755;2.755;2.755;0
2.755;2.755;2.755;2.755;20
2.755;2.755;2.755;2.755;0
2.755;2.755;2.755;2.755;88
2.75;2.75;2.75;2.75;5189
2.75;2.75;2.75;2.75;0
2.75;2.75;2.75;2.75;0
2.75;2.75;2.75;2.75;0
2.75;2.75;2.75;2.75;0
2.75;2.75;2.75;2.75;0
2.75;2.75;2.75;2.75;0
2.75;2.75;2.75;2.75;0
2.75;2.75;2.75;2.75;0
2.75;2.75;2.75;2.75;100
2.75;2.75;2.75;2.75;0
2.75;2.75;2.75;2.75;0
2.755;2.755;2.755;2.755;109
2.755;2.755;2.755;2.755;0
2.755;2.755;2.755;2.755;0
2.745;2.745;2.745;2.745;1188
2.77;2.755;2.77;2.755;2148
2.77;2.77;2.77;2.77;0
2.77;2.77;2.77;2.77;0
2.77;2.77;2.77;2.77;0
2.77;2.77;2.77;2.77;0
2.745;2.745;2.745;2.745;30
2.765;2.765;2.765;2.765;100
2.75;2.76;2.76;2.75;2112
2.75;2.75;2.75;2.75;0
2.755;2.755;2.755;2.755;899
2.76;2.76;2.76;2.76;600
2.76;2.76;2.76;2.76;0
2.76;2.76;2.76;2.76;0
2.76;2.76;2.76;2.76;0
2.75;2.76;2.76;2.75;3164
2.75;2.75;2.75;2.75;0
2.75;2.75;2.75;2.75;0
2.77;2.77;2.77;2.77;12000
2.77;2.77;2.77;2.77;0
2.755;2.755;2.755;2.755;1900
2.74;2.77;2.77;2.74;4097
2.74;2.74;2.74;2.74;0
2.74;2.74;2.74;2.74;950
2.74;2.74;2.74;2.74;0
2.73;2.75;2.75;2.73;1900
2.725;2.73;2.73;2.725;3800
2.745;2.75;2.75;2.745;2218
2.755;2.745;2.755;2.745;1556
2.755;2.755;2.755;2.755;0
2.755;2.755;2.755;2.755;0
2.745;2.75;2.75;2.745;1828
2.745;2.745;2.745;2.745;0
2.725;2.725;2.725;2.725;500
2.72;2.725;2.725;2.72;11254
2.74;2.74;2.74;2.74;20
2.74;2.74;2.74;2.74;363
2.74;2.74;2.74;2.74;0
2.74;2.74;2.74;2.74;0
2.74;2.74;2.74;2.74;0
2.74;2.74;2.74;2.74;0
2.74;2.74;2.74;2.74;0
2.74;2.74;2.74;2.74;0
2.74;2.74;2.74;2.74;0
2.74;2.74;2.74;2.74;0
2.74;2.74;2.74;2.74;0
2.74;2.74;2.74;2.74;0
2.73;2.73;2.73;2.73;476
2.74;2.74;2.74;2.74;149
2.72;2.73;2.73;2.72;8000
2.74;2.74;2.74;2.74;300
2.74;2.74;2.74;2.74;4
2.74;2.74;2.74;2.74;0
2.735;2.735;2.735;2.735;999
2.735;2.735;2.735;2.735;0
2.735;2.735;2.735;2.735;0
2.735;2.735;2.735;2.735;0
2.735;2.735;2.735;2.735;0
2.72;2.73;2.73;2.72;2000
2.73;2.73;2.73;2.73;950
2.73;2.73;2.73;2.73;0
2.73;2.73;2.73;2.73;0
2.73;2.73;2.73;2.73;0
2.74;2.74;2.74;2.74;1782
2.74;2.735;2.74;2.735;6000
2.74;2.74;2.74;2.74;0
2.74;2.74;2.74;2.74;0
2.74;2.74;2.74;2.74;1000
2.74;2.74;2.74;2.74;0
2.74;2.74;2.74;2.74;0
2.74;2.735;2.74;2.735;3000
2.74;2.74;2.74;2.74;0
2.735;2.735;2.735;2.735;500
2.735;2.735;2.735;2.735;0
2.74;2.735;2.74;2.72;2812
2.74;2.74;2.74;2.74;0
2.74;2.72;2.74;2.715;10375
2.735;2.735;2.735;2.735;251
2.735;2.735;2.735;2.735;0
2.735;2.735;2.735;2.735;0
2.735;2.735;2.735;2.735;0
2.74;2.74;2.74;2.74;10
2.74;2.74;2.74;2.74;0
2.74;2.74;2.74;2.74;0
2.74;2.74;2.74;2.74;0
2.74;2.74;2.74;2.74;0
2.74;2.74;2.74;2.74;0
2.74;2.74;2.74;2.74;0
2.73;2.735;2.735;2.73;645
2.72;2.725;2.725;2.72;2100
2.71;2.71;2.71;2.71;1265
2.71;2.72;2.72;2.71;6214
2.71;2.71;2.71;2.71;0
2.71;2.71;2.71;2.71;0
2.71;2.71;2.71;2.71;0
2.71;2.71;2.71;2.71;0
2.71;2.71;2.71;2.71;0
2.71;2.71;2.71;2.71;0
2.71;2.71;2.71;2.71;0
2.71;2.71;2.71;2.71;0
2.71;2.71;2.71;2.71;0
2.71;2.715;2.715;2.71;6987
2.71;2.71;2.71;2.71;216
2.71;2.71;2.71;2.71;0
2.71;2.71;2.71;2.71;2137
2.705;2.71;2.71;2.705;1418
2.7;2.71;2.71;2.7;50500
2.7;2.7;2.7;2.7;130
2.7;2.7;2.7;2.7;1187
2.68;2.7;2.7;2.68;19000
2.69;2.685;2.69;2.66;15646
2.69;2.69;2.69;2.69;1600
2.69;2.69;2.69;2.69;0
2.69;2.69;2.69;2.69;0
2.685;2.685;2.705;2.685;384
2.685;2.7;2.7;2.685;2668
2.69;2.69;2.69;2.69;80
2.69;2.69;2.69;2.69;0
2.7;2.685;2.7;2.685;2896
2.695;2.695;2.695;2.695;902
2.66;2.7;2.7;2.66;17755
2.66;2.66;2.66;2.66;9197
2.685;2.67;2.685;2.67;355
2.68;2.7;2.7;2.68;4502
2.69;2.69;2.69;2.69;1000
2.7;2.7;2.7;2.7;400
2.7;2.7;2.7;2.7;0
2.7;2.7;2.7;2.7;1000
2.7;2.7;2.7;2.7;0
2.7;2.7;2.7;2.7;400
2.7;2.7;2.7;2.7;360
2.7;2.7;2.7;2.7;0
2.7;2.7;2.7;2.7;3859
2.69;2.7;2.7;2.69;1598
2.69;2.69;2.69;2.69;0
2.69;2.69;2.69;2.69;0
2.715;2.715;2.715;2.715;1478
2.715;2.715;2.715;2.715;0
2.715;2.715;2.715;2.715;0
2.715;2.715;2.715;2.715;0
2.715;2.715;2.715;2.715;0
2.725;2.725;2.725;2.725;430
2.725;2.715;2.725;2.715;644
2.725;2.725;2.725;2.725;0
2.7;2.725;2.725;2.7;5135
2.7;2.7;2.7;2.7;0
2.7;2.7;2.7;2.7;0
2.7;2.705;2.705;2.7;3912
2.7;2.7;2.7;2.7;0
2.7;2.7;2.7;2.7;0
2.69;2.69;2.69;2.69;734
2.69;2.69;2.69;2.69;0
2.69;2.7;2.7;2.69;354
2.69;2.69;2.69;2.69;93
2.7;2.7;2.7;2.7;3500
2.71;2.71;2.71;2.71;1300
2.71;2.71;2.71;2.71;12500
2.7;2.7;2.7;2.7;154
2.7;2.7;2.7;2.7;1846
2.705;2.705;2.705;2.705;1000
2.705;2.705;2.705;2.705;600
2.705;2.705;2.705;2.705;37
2.705;2.705;2.705;2.705;6863
2.705;2.705;2.705;2.705;0
2.705;2.705;2.705;2.705;0
2.705;2.705;2.705;2.705;367
2.71;2.71;2.71;2.71;217
2.71;2.71;2.71;2.71;479
2.71;2.71;2.71;2.71;0
2.71;2.705;2.71;2.705;150
2.71;2.71;2.71;2.71;0
2.7;2.705;2.705;2.7;4450
2.7;2.7;2.7;2.7;0
2.7;2.7;2.7;2.7;0
2.695;2.695;2.695;2.695;398
2.695;2.695;2.695;2.695;200
2.69;2.69;2.69;2.69;10
2.69;2.69;2.69;2.69;0
2.695;2.695;2.695;2.695;1000
2.69;2.69;2.69;2.69;3637
2.685;2.685;2.685;2.685;2541
2.685;2.7;2.7;2.685;1240
2.69;2.69;2.69;2.69;2000
2.69;2.69;2.69;2.69;0
2.69;2.69;2.69;2.69;0
2.69;2.69;2.69;2.69;0
2.69;2.69;2.69;2.69;0
2.69;2.69;2.69;2.69;0
2.69;2.69;2.69;2.69;0
2.69;2.69;2.69;2.69;154
2.7;2.7;2.7;2.7;330
2.7;2.7;2.7;2.7;0
2.7;2.7;2.705;2.7;30485
2.7;2.7;2.7;2.7;0
2.71;2.7;2.71;2.7;1942
2.7;2.7;2.7;2.7;1523
2.7;2.7;2.7;2.7;0
2.7;2.7;2.7;2.7;4682
2.7;2.7;2.7;2.7;9824
2.7;2.7;2.7;2.7;26881
2.7;2.7;2.7;2.69;6871
2.7;2.7;2.7;2.7;28
2.7;2.7;2.7;2.7;100
2.7;2.7;2.7;2.7;1481
2.695;2.7;2.7;2.695;398
2.695;2.695;2.695;2.695;0
2.7;2.7;2.7;2.7;200
2.695;2.695;2.695;2.695;950
2.7;2.7;2.7;2.7;500
2.7;2.7;2.7;2.7;0
2.7;2.7;2.7;2.7;493
2.7;2.7;2.7;2.7;0
2.7;2.7;2.7;2.7;0
2.695;2.695;2.695;2.695;112
2.69;2.69;2.69;2.69;1806
2.705;2.695;2.705;2.695;5235
2.705;2.705;2.705;2.705;0
2.72;2.72;2.72;2.72;2105
2.72;2.72;2.72;2.72;800
2.72;2.72;2.72;2.72;0
2.72;2.72;2.72;2.72;50
2.72;2.72;2.72;2.72;0
2.72;2.72;2.72;2.72;0
2.72;2.72;2.72;2.72;0
2.72;2.72;2.72;2.72;9132
2.72;2.72;2.72;2.72;0
2.72;2.72;2.72;2.72;1835
2.72;2.72;2.72;2.72;0
2.72;2.72;2.72;2.72;0
2.72;2.72;2.72;2.72;0
2.72;2.72;2.72;2.72;0
2.72;2.72;2.72;2.72;0
2.72;2.72;2.72;2.72;1000
2.72;2.72;2.72;2.72;0
2.71;2.72;2.72;2.71;6705
2.71;2.71;2.71;2.71;0
2.71;2.71;2.71;2.71;0
2.72;2.72;2.72;2.72;3505
2.72;2.72;2.72;2.72;6048
2.72;2.72;2.72;2.72;0
2.72;2.72;2.72;2.72;0
2.705;2.715;2.715;2.705;3000
2.71;2.71;2.71;2.71;479
2.71;2.71;2.71;2.71;0
2.71;2.71;2.71;2.71;0
2.71;2.71;2.71;2.71;0
2.71;2.71;2.71;2.71;0
2.71;2.71;2.71;2.71;6406
2.71;2.71;2.71;2.71;0
2.7;2.705;2.705;2.7;10000
2.7;2.7;2.7;2.7;0
2.7;2.7;2.7;2.7;0
2.725;2.725;2.725;2.725;640
2.725;2.725;2.725;2.725;0
2.725;2.725;2.725;2.725;100
2.725;2.7;2.725;2.7;515
2.725;2.725;2.725;2.725;0
2.725;2.725;2.725;2.725;0
2.725;2.725;2.725;2.725;0
2.725;2.725;2.725;2.725;25212
2.725;2.725;2.725;2.725;200
2.705;2.725;2.725;2.705;2732
2.73;2.73;2.73;2.73;10
2.73;2.73;2.73;2.73;370
2.73;2.725;2.73;2.725;36150
2.73;2.73;2.73;2.73;0
2.73;2.73;2.73;2.73;0
2.73;2.73;2.73;2.73;2000
2.73;2.73;2.73;2.73;0
2.72;2.72;2.72;2.72;151
2.72;2.72;2.72;2.72;0
2.72;2.72;2.72;2.72;0
2.72;2.72;2.72;2.72;0
2.74;2.74;2.74;2.74;130
2.74;2.74;2.74;2.74;0
2.745;2.745;2.745;2.745;14402
2.745;2.745;2.745;2.745;0
2.735;2.75;2.75;2.735;1576
2.735;2.735;2.735;2.735;0
2.735;2.735;2.735;2.735;0
2.735;2.735;2.735;2.735;0
2.735;2.735;2.735;2.735;0
2.735;2.735;2.735;2.735;0
2.735;2.735;2.735;2.735;0
2.735;2.735;2.735;2.735;0
2.735;2.735;2.735;2.735;0
2.735;2.735;2.735;2.735;0
2.735;2.735;2.735;2.735;0
2.735;2.735;2.735;2.735;0
2.745;2.745;2.745;2.745;1212
2.75;2.75;2.75;2.75;30
2.745;2.745;2.745;2.745;92
2.745;2.745;2.745;2.745;0
2.745;2.745;2.745;2.745;0
2.745;2.745;2.745;2.745;0
2.75;2.75;2.75;2.75;150
2.75;2.75;2.75;2.75;0
2.735;2.735;2.735;2.735;2800
2.735;2.735;2.735;2.735;0
2.75;2.75;2.75;2.75;31
2.75;2.75;2.75;2.75;0
2.75;2.75;2.75;2.75;0
2.75;2.75;2.75;2.75;0
2.745;2.735;2.745;2.735;430
2.75;2.75;2.75;2.75;950
2.75;2.75;2.75;2.75;0
2.75;2.75;2.75;2.75;0
2.75;2.75;2.75;2.75;0
2.735;2.745;2.745;2.735;881
2.71;2.725;2.725;2.705;24861
2.705;2.705;2.705;2.705;6519
2.7;2.7;2.7;2.7;4352
2.72;2.72;2.72;2.72;80
2.73;2.73;2.73;2.73;500
2.74;2.74;2.74;2.74;277
2.74;2.74;2.74;2.74;0
2.75;2.74;2.75;2.74;1000
2.75;2.75;2.75;2.75;525
2.75;2.75;2.75;2.75;0
2.75;2.75;2.75;2.75;0
2.75;2.75;2.75;2.75;0
2.75;2.75;2.75;2.75;0
2.75;2.75;2.75;2.75;0
2.74;2.74;2.74;2.74;2610
2.73;2.735;2.735;2.73;3000
2.73;2.73;2.73;2.73;440
2.73;2.73;2.73;2.73;0
2.73;2.73;2.73;2.73;0
2.73;2.73;2.73;2.73;0
2.73;2.73;2.73;2.73;0
2.73;2.73;2.73;2.73;0
2.73;2.73;2.73;2.73;0
2.725;2.725;2.725;2.725;60
2.72;2.725;2.725;2.715;4030
2.72;2.72;2.72;2.72;0
2.72;2.72;2.72;2.72;0
2.72;2.72;2.72;2.72;0
2.71;2.74;2.74;2.71;420
2.71;2.71;2.71;2.71;0
2.74;2.74;2.74;2.74;1500
2.74;2.74;2.74;2.74;0
2.74;2.74;2.74;2.74;1100
2.74;2.74;2.74;2.74;150
2.74;2.74;2.74;2.74;0
2.74;2.74;2.74;2.74;70
2.725;2.725;2.725;2.725;151
2.725;2.725;2.725;2.725;0
2.725;2.725;2.725;2.725;0
2.725;2.725;2.725;2.725;0
2.725;2.725;2.725;2.725;0
2.725;2.725;2.725;2.725;0
2.725;2.725;2.725;2.725;0
2.725;2.725;2.725;2.725;0
2.725;2.725;2.725;2.725;0
2.725;2.725;2.725;2.725;0
2.725;2.725;2.725;2.725;0
2.725;2.725;2.725;2.725;0
2.725;2.725;2.725;2.725;0
2.725;2.725;2.725;2.725;30
2.725;2.725;2.725;2.725;0
2.725;2.725;2.725;2.725;0
2.73;2.73;2.73;2.73;500
2.74;2.74;2.74;2.74;50
2.74;2.74;2.74;2.74;0
2.74;2.74;2.74;2.74;0
2.74;2.74;2.74;2.74;0
2.74;2.74;2.74;2.74;0
2.74;2.74;2.74;2.74;0
2.74;2.74;2.74;2.74;0
2.73;2.73;2.73;2.73;577
2.73;2.73;2.73;2.73;138
2.73;2.73;2.73;2.73;0
2.73;2.73;2.73;2.73;0
2.73;2.73;2.73;2.73;0
2.73;2.73;2.73;2.73;824
2.72;2.73;2.73;2.72;4000
2.725;2.725;2.725;2.725;1187
2.73;2.73;2.73;2.73;100
2.73;2.73;2.73;2.73;0
2.725;2.725;2.725;2.725;151
2.725;2.725;2.725;2.725;1036
2.725;2.725;2.725;2.725;0
2.725;2.725;2.725;2.725;0
2.7;2.72;2.72;2.7;20490
2.7;2.7;2.7;2.7;0
2.7;2.69;2.7;2.69;11719
2.695;2.695;2.695;2.695;390
2.695;2.695;2.695;2.695;1370
2.695;2.695;2.695;2.695;770
2.7;2.69;2.7;2.69;3496
2.7;2.7;2.7;2.7;200
2.7;2.7;2.7;2.7;0
2.715;2.7;2.715;2.7;81286
2.695;2.695;2.715;2.695;16500
2.69;2.69;2.69;2.69;3380
2.69;2.69;2.69;2.69;0
2.715;2.69;2.72;2.69;41095
2.715;2.715;2.715;2.715;1000
2.715;2.715;2.715;2.715;0
2.715;2.715;2.715;2.715;0
2.7;2.7;2.7;2.7;30
2.7;2.7;2.7;2.7;2543
2.695;2.7;2.7;2.695;102
2.7;2.695;2.7;2.69;4380
2.725;2.7;2.725;2.7;3919
2.725;2.725;2.73;2.725;983
2.735;2.73;2.735;2.725;1635
2.735;2.735;2.735;2.735;705
2.725;2.735;2.735;2.725;3314
2.735;2.735;2.735;2.735;4
2.73;2.71;2.73;2.7;10500
2.73;2.73;2.73;2.73;0
2.73;2.73;2.73;2.73;0
2.73;2.71;2.73;2.7;3950
2.715;2.72;2.72;2.715;470
2.715;2.715;2.715;2.715;0
2.715;2.715;2.715;2.715;0
2.715;2.715;2.715;2.715;0
2.71;2.71;2.71;2.71;30
2.71;2.71;2.71;2.71;0
2.71;2.71;2.71;2.71;0
2.71;2.71;2.71;2.71;0
2.71;2.71;2.71;2.71;0
2.71;2.71;2.71;2.71;0
2.715;2.715;2.715;2.715;950
2.715;2.715;2.715;2.715;0
2.715;2.715;2.715;2.715;0
2.715;2.715;2.715;2.715;235
2.715;2.715;2.715;2.715;0
2.715;2.715;2.715;2.715;0
2.715;2.715;2.715;2.715;4386
2.715;2.715;2.715;2.715;0
2.715;2.715;2.715;2.715;0
2.715;2.715;2.715;2.715;0
2.715;2.715;2.715;2.715;0
2.715;2.715;2.715;2.715;0
2.72;2.72;2.72;2.72;4
2.72;2.72;2.72;2.72;799
2.705;2.71;2.71;2.705;10000
2.705;2.705;2.705;2.705;0
2.7;2.7;2.7;2.7;6295
2.7;2.7;2.7;2.7;0
2.7;2.7;2.7;2.7;0
2.7;2.7;2.7;2.7;0
2.7;2.7;2.7;2.7;0
2.73;2.73;2.73;2.73;50
2.73;2.73;2.73;2.73;0
2.73;2.73;2.73;2.73;0
2.73;2.73;2.73;2.73;0
2.71;2.71;2.71;2.71;14000
2.72;2.705;2.72;2.705;136
2.72;2.72;2.72;2.72;0
2.72;2.72;2.72;2.72;10
2.72;2.72;2.72;2.72;0
2.72;2.72;2.72;2.72;0
2.72;2.72;2.72;2.72;40
2.72;2.72;2.72;2.72;0
2.72;2.72;2.72;2.72;0
2.72;2.72;2.72;2.72;0
2.72;2.72;2.72;2.72;0
2.72;2.72;2.72;2.72;0
2.72;2.72;2.72;2.72;821
2.72;2.72;2.72;2.72;10
2.72;2.72;2.72;2.72;235
2.72;2.72;2.72;2.72;0
2.72;2.72;2.72;2.72;520
2.705;2.72;2.72;2.705;7139
2.71;2.7;2.71;2.7;37487
2.71;2.71;2.71;2.71;0
2.71;2.71;2.71;2.71;0
2.71;2.71;2.71;2.71;0
2.71;2.71;2.71;2.71;500
2.71;2.71;2.71;2.71;0
2.71;2.71;2.71;2.71;0
2.71;2.71;2.71;2.71;0
2.725;2.725;2.725;2.725;9
2.705;2.705;2.705;2.705;40
2.705;2.705;2.705;2.705;1000
2.725;2.725;2.725;2.725;235
2.725;2.725;2.725;2.725;0
2.725;2.725;2.725;2.725;0
2.725;2.725;2.725;2.725;0
2.725;2.725;2.725;2.725;0
2.725;2.725;2.725;2.725;0
2.725;2.725;2.725;2.725;0
2.725;2.725;2.725;2.725;0
2.725;2.725;2.725;2.725;0
2.725;2.725;2.725;2.725;0
2.725;2.725;2.725;2.725;0
2.725;2.725;2.725;2.725;0
2.725;2.725;2.725;2.725;1700
2.725;2.725;2.725;2.725;0
2.72;2.72;2.72;2.72;272
2.7;2.72;2.72;2.7;32307
2.7;2.7;2.7;2.7;33
2.715;2.7;2.715;2.7;2202
2.715;2.715;2.715;2.715;4240
2.715;2.715;2.715;2.715;286
2.7;2.71;2.71;2.7;7357
2.69;2.69;2.69;2.69;1847
2.6;2.67;2.67;2.58;66528
2.595;2.605;2.64;2.585;12311
2.6;2.595;2.6;2.585;7117
2.585;2.6;2.6;2.585;7210
2.58;2.59;2.595;2.58;8621
2.595;2.58;2.595;2.58;4510
2.58;2.595;2.595;2.58;14677
2.59;2.58;2.595;2.58;6450
2.58;2.58;2.58;2.575;4180
2.59;2.575;2.59;2.575;7481
2.51;2.59;2.59;2.5;48486
2.52;2.51;2.56;2.51;3621
2.57;2.56;2.57;2.56;310
2.54;2.535;2.565;2.535;5389
2.53;2.53;2.54;2.525;6693
2.54;2.53;2.54;2.525;5856
2.54;2.54;2.55;2.54;33660
2.55;2.54;2.55;2.54;4849
2.53;2.55;2.55;2.53;9886
2.545;2.53;2.55;2.53;876
2.54;2.545;2.545;2.53;8373
2.51;2.54;2.54;2.51;21181
2.515;2.53;2.53;2.51;9704
2.53;2.53;2.53;2.53;4210
2.53;2.52;2.53;2.515;9730
2.545;2.545;2.545;2.545;900
2.53;2.53;2.53;2.53;723
2.53;2.54;2.54;2.53;2957
2.52;2.545;2.545;2.52;31224
2.54;2.52;2.54;2.52;1347
2.545;2.54;2.545;2.54;2606
2.545;2.545;2.545;2.545;550
2.54;2.545;2.545;2.54;1554
2.54;2.54;2.545;2.54;860
2.53;2.54;2.545;2.53;3051
2.52;2.52;2.52;2.515;26110
2.51;2.515;2.52;2.51;98665
2.53;2.525;2.53;2.525;7714
2.535;2.53;2.535;2.505;14498
2.5;2.51;2.535;2.49;98276
2.495;2.5;2.515;2.495;4721
2.495;2.495;2.495;2.49;3043
2.5;2.495;2.5;2.495;8104
2.5;2.495;2.5;2.48;38498
2.49;2.495;2.495;2.49;1230
2.475;2.485;2.485;2.475;1395
2.46;2.47;2.47;2.46;18801
2.46;2.45;2.46;2.45;9243
2.48;2.46;2.48;2.46;9356
2.48;2.48;2.48;2.48;110
2.48;2.48;2.48;2.48;650
2.49;2.48;2.49;2.48;13585
2.49;2.49;2.49;2.49;832
2.49;2.49;2.49;2.49;10900
2.49;2.49;2.49;2.49;1705
2.5;2.49;2.5;2.49;982
2.495;2.495;2.495;2.495;200
2.495;2.495;2.495;2.495;53
2.465;2.495;2.495;2.465;7362
2.465;2.465;2.465;2.465;2278
2.465;2.48;2.49;2.465;5737
2.495;2.465;2.495;2.465;2325
2.48;2.5;2.5;2.48;1083
2.48;2.48;2.48;2.48;1962
2.48;2.48;2.48;2.48;162
2.49;2.49;2.49;2.485;2700
2.49;2.49;2.49;2.49;3012
2.49;2.49;2.49;2.49;2620
2.49;2.49;2.49;2.49;1000
2.485;2.49;2.49;2.485;12243
2.485;2.485;2.485;2.485;1691
2.49;2.49;2.49;2.49;53301
2.49;2.49;2.49;2.49;2356
2.49;2.49;2.49;2.49;680
2.49;2.49;2.49;2.49;1427
2.49;2.49;2.49;2.49;2780
2.49;2.49;2.49;2.49;515
2.48;2.49;2.49;2.48;4321
2.46;2.475;2.475;2.46;19081
2.455;2.46;2.46;2.455;2112
2.475;2.475;2.475;2.475;4760
2.475;2.475;2.475;2.475;0
2.475;2.475;2.475;2.475;1188
2.465;2.475;2.475;2.465;5029
2.465;2.465;2.465;2.465;5611
2.47;2.465;2.47;2.46;54049
2.48;2.465;2.485;2.465;15313
2.485;2.49;2.49;2.485;1275
2.49;2.485;2.49;2.485;9047
2.49;2.485;2.49;2.485;10790
2.49;2.49;2.49;2.49;5522
2.48;2.49;2.49;2.48;18609
2.48;2.48;2.48;2.47;6699
2.46;2.48;2.48;2.46;63251
2.5;2.495;2.5;2.495;9591
2.495;2.495;2.495;2.495;410
2.49;2.495;2.495;2.47;3945
2.49;2.49;2.49;2.49;10392
2.49;2.49;2.49;2.49;2958
2.48;2.49;2.49;2.48;5490
2.48;2.48;2.48;2.48;4731
2.46;2.48;2.48;2.46;12794
2.44;2.455;2.455;2.44;23527
2.38;2.435;2.435;2.38;81897
2.33;2.375;2.375;2.32;67884
2.325;2.33;2.33;2.32;16477
2.3;2.33;2.33;2.3;74459
2.32;2.3;2.32;2.3;20958
2.33;2.32;2.33;2.32;50072
2.31;2.32;2.33;2.31;50391
2.33;2.33;2.33;2.31;27176
2.33;2.33;2.33;2.33;16317
2.315;2.33;2.34;2.315;60265
2.315;2.335;2.335;2.315;5309
2.315;2.315;2.315;2.31;37954
2.335;2.315;2.335;2.31;18714
2.335;2.31;2.335;2.31;2300
2.335;2.33;2.34;2.32;5864
2.34;2.34;2.34;2.33;1400
2.34;2.34;2.34;2.34;1945
2.34;2.34;2.34;2.34;4390
2.345;2.34;2.345;2.335;7143
2.345;2.345;2.345;2.345;934
2.34;2.345;2.345;2.335;7221
2.34;2.345;2.345;2.34;248
2.345;2.345;2.345;2.345;18279
2.345;2.345;2.345;2.345;3332
2.345;2.34;2.345;2.34;4858
2.35;2.35;2.35;2.35;9063
2.35;2.35;2.35;2.35;2780
2.34;2.35;2.35;2.34;1111
2.36;2.355;2.36;2.355;7770
2.355;2.36;2.36;2.355;12232
2.35;2.355;2.36;2.35;6745
2.34;2.355;2.36;2.34;19095
2.35;2.35;2.35;2.35;905
2.345;2.35;2.35;2.34;9161
2.35;2.345;2.35;2.345;24678
2.35;2.345;2.35;2.345;4298
2.35;2.35;2.35;2.345;18591
2.35;2.35;2.35;2.35;2100
2.345;2.35;2.35;2.345;12736
2.36;2.35;2.36;2.345;9892
2.36;2.36;2.36;2.36;2000
2.365;2.365;2.365;2.365;2000
2.38;2.375;2.38;2.37;9725
2.375;2.37;2.375;2.37;4000
2.39;2.38;2.39;2.38;8740
2.4;2.395;2.4;2.39;9500
2.39;2.395;2.4;2.39;2550
2.39;2.39;2.39;2.39;500
2.395;2.395;2.395;2.385;3626
2.38;2.4;2.4;2.38;44311
2.38;2.38;2.38;2.38;19989
2.38;2.38;2.38;2.38;6138
2.38;2.38;2.38;2.38;1580
2.38;2.375;2.38;2.37;849
2.38;2.38;2.38;2.37;8519
2.38;2.38;2.38;2.38;0
2.385;2.385;2.385;2.375;14811
2.385;2.385;2.385;2.385;997
2.385;2.385;2.385;2.385;9
2.385;2.385;2.385;2.385;367
2.38;2.385;2.385;2.38;9400
2.375;2.38;2.38;2.375;2591
2.39;2.375;2.39;2.375;1370
2.39;2.39;2.39;2.39;0
2.38;2.38;2.38;2.38;2766
2.38;2.38;2.38;2.38;911
2.38;2.38;2.38;2.38;3500
2.38;2.38;2.38;2.38;1000
2.38;2.375;2.38;2.375;14859
2.365;2.38;2.38;2.365;7021
2.38;2.38;2.38;2.38;5
2.38;2.38;2.38;2.375;2146
2.365;2.365;2.365;2.365;56
2.365;2.365;2.365;2.365;0
2.38;2.38;2.38;2.38;2131
2.38;2.38;2.38;2.38;0
2.38;2.38;2.38;2.38;1255
2.38;2.38;2.38;2.38;1100
2.365;2.365;2.365;2.365;2932
2.375;2.365;2.375;2.36;25590
2.38;2.38;2.38;2.38;3032
2.38;2.38;2.38;2.38;10
2.375;2.38;2.38;2.375;730
2.365;2.375;2.375;2.365;1885
2.38;2.38;2.38;2.38;31262
2.435;2.4;2.44;2.4;6111
2.4;2.43;2.465;2.4;53877
2.39;2.44;2.44;2.39;34104
2.39;2.39;2.39;2.39;1209
2.37;2.38;2.38;2.37;6616
2.37;2.37;2.37;2.37;0
2.39;2.39;2.39;2.39;1291
2.39;2.39;2.39;2.39;280
2.38;2.38;2.38;2.38;3235
2.38;2.38;2.38;2.38;0
2.38;2.38;2.38;2.38;500
2.38;2.38;2.38;2.38;2846
2.38;2.38;2.38;2.38;2626
2.38;2.38;2.38;2.38;0
2.38;2.38;2.38;2.38;0
2.38;2.38;2.38;2.38;0
2.38;2.38;2.38;2.38;1728
2.38;2.38;2.38;2.38;8737
2.38;2.375;2.38;2.375;1657
2.365;2.38;2.38;2.365;10598
2.38;2.38;2.38;2.38;600
2.38;2.38;2.38;2.38;891
2.36;2.38;2.38;2.36;29680
2.36;2.36;2.36;2.36;50
2.36;2.36;2.36;2.36;0
2.36;2.37;2.37;2.36;2891
2.375;2.375;2.375;2.375;150
2.375;2.375;2.375;2.375;34
2.35;2.375;2.375;2.35;13565
2.35;2.35;2.35;2.35;1000
2.35;2.35;2.35;2.35;1500
2.35;2.35;2.35;2.35;0
2.325;2.345;2.345;2.32;10004
2.325;2.325;2.325;2.325;1318
2.345;2.345;2.345;2.345;1350
2.33;2.345;2.345;2.33;7300
2.345;2.345;2.345;2.345;6
2.345;2.345;2.345;2.345;1000
2.34;2.34;2.34;2.34;1223
2.345;2.345;2.345;2.345;100
2.35;2.345;2.35;2.345;1040
2.35;2.35;2.35;2.35;0
2.35;2.35;2.35;2.35;2119
2.35;2.35;2.35;2.35;3263
2.33;2.345;2.345;2.33;13596
2.33;2.33;2.33;2.33;1193
2.35;2.35;2.35;2.35;450
2.35;2.35;2.35;2.35;1000
2.35;2.35;2.37;2.35;56900
2.35;2.35;2.35;2.35;20
2.35;2.35;2.35;2.35;115
2.35;2.35;2.35;2.35;0
2.35;2.35;2.35;2.35;5000
2.35;2.34;2.35;2.34;6700
2.35;2.35;2.35;2.35;805
2.35;2.35;2.35;2.35;850
2.35;2.35;2.35;2.35;730
2.35;2.35;2.35;2.35;0
2.35;2.35;2.35;2.35;3779
2.33;2.345;2.345;2.33;10314
2.33;2.33;2.33;2.33;0
2.35;2.34;2.35;2.34;10000
2.345;2.345;2.345;2.345;20
2.345;2.345;2.345;2.345;1800
2.345;2.345;2.345;2.345;700
2.345;2.345;2.345;2.345;0
2.355;2.345;2.355;2.34;6759
2.355;2.355;2.355;2.355;0
2.34;2.34;2.34;2.34;2847
2.34;2.34;2.34;2.34;0
2.34;2.34;2.34;2.34;0
2.34;2.34;2.34;2.34;0
2.34;2.34;2.34;2.34;0
2.34;2.34;2.34;2.34;0
2.34;2.34;2.34;2.34;0
2.34;2.34;2.34;2.34;0
2.36;2.36;2.36;2.36;875
2.36;2.36;2.36;2.36;0
2.355;2.355;2.355;2.355;170
2.355;2.355;2.355;2.355;0
2.355;2.355;2.355;2.355;0
2.355;2.355;2.355;2.355;0
2.355;2.355;2.355;2.355;0
2.35;2.35;2.35;2.35;105
2.345;2.35;2.35;2.345;3943
2.345;2.345;2.345;2.345;0
2.345;2.345;2.345;2.345;638
2.345;2.345;2.345;2.345;0
2.35;2.35;2.35;2.35;200
2.35;2.35;2.35;2.35;0
2.34;2.345;2.35;2.34;9910
2.35;2.35;2.35;2.35;20
2.35;2.35;2.35;2.35;2721
2.35;2.35;2.35;2.35;2639
2.34;2.34;2.34;2.34;3559
2.38;2.35;2.38;2.35;5457
2.38;2.38;2.38;2.38;2007
2.43;2.38;2.43;2.38;11991
2.4;2.425;2.425;2.4;4450
2.38;2.38;2.38;2.38;8998
2.395;2.38;2.395;2.38;6288
2.395;2.395;2.395;2.395;689
2.395;2.395;2.395;2.395;9097
2.395;2.395;2.395;2.395;6600
2.39;2.375;2.39;2.375;2076
2.39;2.39;2.39;2.39;0
2.4;2.39;2.4;2.39;40220
2.4;2.4;2.4;2.4;0
2.4;2.4;2.4;2.4;0
2.375;2.38;2.38;2.375;5531
2.4;2.395;2.4;2.395;2200
2.39;2.39;2.39;2.39;1000
2.38;2.395;2.395;2.38;1783
2.38;2.38;2.38;2.38;500
2.39;2.39;2.39;2.39;1000
2.39;2.39;2.39;2.39;0
2.39;2.38;2.39;2.38;2000
2.39;2.39;2.39;2.39;900
2.39;2.39;2.39;2.39;1505
2.39;2.39;2.39;2.39;985
2.39;2.39;2.39;2.39;0
2.39;2.39;2.39;2.38;1664
2.385;2.385;2.385;2.385;500
2.385;2.385;2.385;2.385;0
2.38;2.38;2.38;2.38;1000
2.385;2.385;2.385;2.385;936
2.395;2.39;2.395;2.39;3600
2.395;2.395;2.395;2.395;200
2.395;2.395;2.395;2.395;0
2.395;2.395;2.395;2.395;0
2.395;2.395;2.395;2.395;0
2.38;2.38;2.38;2.38;2526
2.39;2.39;2.39;2.39;2400
2.38;2.38;2.38;2.38;500
2.39;2.39;2.39;2.39;40
2.385;2.39;2.39;2.385;193
2.38;2.385;2.385;2.38;2601
2.385;2.385;2.385;2.385;8
2.385;2.375;2.385;2.37;1792
2.37;2.37;2.37;2.37;4595
2.37;2.37;2.37;2.37;0
2.37;2.37;2.37;2.37;0
2.36;2.36;2.36;2.36;2000
2.37;2.37;2.37;2.37;226
2.37;2.37;2.37;2.37;0
2.38;2.38;2.38;2.38;1080
2.38;2.38;2.38;2.38;4527
2.38;2.38;2.38;2.38;600
2.38;2.38;2.385;2.38;12271
2.39;2.38;2.39;2.38;6800
2.39;2.39;2.39;2.39;0
2.39;2.39;2.39;2.39;0
2.39;2.39;2.39;2.39;0
2.39;2.39;2.39;2.39;545
2.38;2.38;2.38;2.38;3039
2.38;2.38;2.38;2.38;0
2.38;2.39;2.39;2.38;6257
2.38;2.38;2.38;2.38;1221
2.36;2.36;2.36;2.35;32255
2.36;2.36;2.36;2.36;5740
2.37;2.35;2.37;2.35;4569
2.37;2.37;2.37;2.37;4005
2.37;2.37;2.37;2.37;5
2.37;2.37;2.37;2.37;500
2.36;2.37;2.37;2.36;1180
2.365;2.365;2.365;2.365;4000
2.365;2.365;2.365;2.365;0
2.36;2.365;2.365;2.36;1340
2.36;2.36;2.36;2.36;0
2.36;2.36;2.36;2.36;838
2.36;2.36;2.36;2.36;0
2.355;2.36;2.36;2.355;2000
2.355;2.355;2.355;2.355;0
2.365;2.35;2.365;2.35;2000
2.365;2.365;2.365;2.365;0
2.365;2.365;2.365;2.365;0
2.365;2.365;2.365;2.365;760
2.365;2.365;2.365;2.365;0
2.36;2.36;2.36;2.36;2194
2.36;2.36;2.36;2.36;0
2.36;2.36;2.36;2.36;172
2.36;2.36;2.36;2.36;2000
2.36;2.36;2.36;2.36;357
2.355;2.355;2.355;2.35;5064
2.365;2.36;2.365;2.36;16746
2.375;2.37;2.375;2.37;31435
2.375;2.375;2.375;2.375;24679
2.36;2.365;2.365;2.36;1420
2.36;2.36;2.36;2.36;1720
2.425;2.38;2.43;2.38;25522
2.42;2.415;2.42;2.415;109
2.405;2.405;2.405;2.405;1422
2.405;2.405;2.405;2.405;1031
2.42;2.42;2.42;2.42;142
2.43;2.42;2.43;2.41;7265
2.44;2.44;2.44;2.44;14479
2.44;2.435;2.44;2.435;11243
2.45;2.435;2.45;2.435;6225
2.45;2.44;2.45;2.44;1493
2.45;2.45;2.45;2.45;500
2.45;2.45;2.45;2.45;1600
2.45;2.45;2.45;2.45;0
2.48;2.45;2.48;2.45;15985
2.475;2.48;2.48;2.47;3580
2.48;2.48;2.48;2.48;800
2.47;2.47;2.47;2.46;12247
2.44;2.46;2.465;2.44;6143
2.45;2.44;2.45;2.44;1000
2.435;2.45;2.45;2.42;49192
2.445;2.445;2.445;2.445;5312
2.445;2.445;2.445;2.445;0
2.415;2.445;2.445;2.415;348
2.44;2.44;2.44;2.44;500
2.44;2.44;2.44;2.44;0
2.44;2.44;2.44;2.44;0
2.44;2.44;2.44;2.44;0
2.44;2.44;2.44;2.44;0
2.44;2.44;2.44;2.44;0
2.43;2.43;2.43;2.43;1400
2.42;2.42;2.42;2.42;830
2.435;2.435;2.435;2.435;38
2.435;2.435;2.435;2.435;811
2.435;2.435;2.435;2.435;4662
2.435;2.44;2.44;2.435;2010
2.435;2.435;2.435;2.435;0
2.435;2.435;2.435;2.435;0
2.435;2.435;2.435;2.435;0
2.44;2.44;2.44;2.44;119
2.44;2.44;2.44;2.44;0
2.435;2.435;2.435;2.435;1150
2.435;2.435;2.435;2.435;1224
2.435;2.435;2.435;2.435;0
2.435;2.435;2.435;2.435;450
2.435;2.435;2.435;2.435;0
2.435;2.435;2.435;2.435;0
2.435;2.435;2.435;2.435;5
2.42;2.425;2.425;2.42;1655
2.43;2.43;2.43;2.43;50
2.43;2.43;2.43;2.43;0
2.43;2.43;2.43;2.43;1800
2.43;2.43;2.43;2.43;0
2.43;2.43;2.43;2.43;2000
2.43;2.43;2.43;2.43;0
2.435;2.435;2.435;2.435;2000
2.435;2.435;2.435;2.435;0
2.415;2.42;2.42;2.415;6000
2.415;2.415;2.415;2.415;0
2.415;2.415;2.415;2.415;0
2.415;2.415;2.415;2.415;0
2.415;2.415;2.415;2.415;0
2.415;2.415;2.415;2.415;0
2.435;2.435;2.435;2.435;700
2.435;2.435;2.435;2.435;410
2.435;2.435;2.435;2.435;1518
2.435;2.435;2.435;2.435;0
2.435;2.435;2.435;2.435;0
2.435;2.435;2.435;2.435;0
2.435;2.435;2.435;2.435;0
2.435;2.435;2.435;2.435;0
2.435;2.435;2.435;2.435;2585
2.435;2.435;2.435;2.435;0
2.435;2.435;2.435;2.435;0
2.44;2.44;2.44;2.44;6000
2.44;2.44;2.44;2.44;0
2.44;2.44;2.44;2.44;0
2.44;2.44;2.44;2.44;6268
2.44;2.44;2.44;2.44;24957
2.44;2.44;2.44;2.44;39668
2.44;2.44;2.44;2.44;0
2.44;2.44;2.44;2.44;0
2.44;2.44;2.44;2.44;816
2.455;2.445;2.455;2.445;30000
2.455;2.455;2.455;2.455;0
2.455;2.455;2.455;2.455;10000
2.44;2.445;2.445;2.44;2830
2.44;2.44;2.44;2.44;3500
2.45;2.45;2.45;2.45;8056
2.45;2.45;2.45;2.45;45
2.465;2.45;2.465;2.45;5963
2.46;2.46;2.46;2.46;5
2.47;2.46;2.47;2.46;9295
2.48;2.47;2.48;2.47;8915
2.445;2.47;2.47;2.445;7663
2.44;2.43;2.44;2.42;12779
2.47;2.46;2.47;2.46;120
2.47;2.465;2.48;2.465;6620
2.47;2.47;2.47;2.47;1500
2.48;2.47;2.48;2.47;2050
2.48;2.48;2.48;2.48;5
2.48;2.48;2.48;2.48;0
2.48;2.48;2.48;2.48;197
2.48;2.48;2.48;2.48;5914
2.49;2.485;2.49;2.48;11758
2.49;2.49;2.49;2.49;2116
2.48;2.48;2.495;2.48;2601
2.48;2.48;2.48;2.48;5638
2.485;2.47;2.485;2.47;7649
2.485;2.485;2.485;2.485;0
2.48;2.48;2.48;2.48;348
2.48;2.48;2.48;2.48;200
2.49;2.49;2.49;2.49;310
2.48;2.48;2.48;2.48;400
2.45;2.465;2.465;2.45;8417
2.45;2.45;2.45;2.45;1500
2.45;2.45;2.45;2.45;386
2.445;2.445;2.445;2.445;500
2.445;2.445;2.445;2.445;0
2.445;2.445;2.445;2.445;0
2.44;2.44;2.44;2.44;312
2.44;2.44;2.44;2.44;1203
2.48;2.465;2.48;2.465;20104
2.48;2.48;2.48;2.48;0
2.48;2.48;2.48;2.48;0
2.48;2.48;2.48;2.48;11
2.48;2.48;2.48;2.48;0
2.48;2.48;2.48;2.48;36
2.475;2.475;2.475;2.475;152
2.475;2.475;2.475;2.475;0
2.46;2.46;2.46;2.46;5300
2.46;2.46;2.46;2.46;0
2.46;2.46;2.46;2.46;4002
2.47;2.47;2.47;2.47;10800
2.47;2.47;2.47;2.47;405
2.47;2.47;2.47;2.47;0
2.47;2.47;2.47;2.47;2999
2.47;2.47;2.47;2.47;500
2.47;2.47;2.47;2.47;0
2.47;2.47;2.47;2.47;0
2.47;2.47;2.47;2.47;0
2.47;2.47;2.47;2.47;1500
2.47;2.47;2.47;2.47;1999
2.47;2.47;2.47;2.47;0
2.475;2.475;2.475;2.475;5000
2.475;2.475;2.475;2.475;15
2.475;2.475;2.475;2.475;0
2.47;2.47;2.47;2.47;1129
2.47;2.47;2.47;2.47;0
2.475;2.47;2.475;2.47;400
2.475;2.475;2.475;2.475;0
2.475;2.475;2.475;2.475;0
2.475;2.475;2.475;2.475;0
2.475;2.475;2.475;2.475;0
2.47;2.47;2.47;2.47;915
2.47;2.47;2.47;2.47;0
2.47;2.47;2.47;2.47;0
2.47;2.47;2.47;2.47;0
2.47;2.47;2.47;2.47;0
2.47;2.47;2.47;2.47;0
2.47;2.47;2.47;2.47;0
2.47;2.47;2.47;2.47;0
2.47;2.47;2.47;2.47;1286
2.46;2.46;2.46;2.46;3660
2.43;2.46;2.46;2.43;19166
2.43;2.43;2.43;2.43;2816
2.43;2.43;2.43;2.43;0
2.43;2.43;2.43;2.43;0
2.43;2.43;2.43;2.43;0
2.43;2.43;2.43;2.43;0
2.43;2.43;2.43;2.43;0
2.43;2.43;2.43;2.43;0
2.45;2.45;2.45;2.45;2025
2.45;2.45;2.45;2.45;0
2.45;2.45;2.45;2.45;0
2.45;2.45;2.45;2.45;0
2.45;2.45;2.45;2.45;0
2.45;2.45;2.45;2.45;0
2.435;2.435;2.435;2.435;920
2.435;2.435;2.435;2.435;0
2.435;2.435;2.435;2.435;730
2.435;2.435;2.435;2.435;0
2.435;2.435;2.435;2.435;0
2.435;2.435;2.435;2.435;0
2.435;2.435;2.435;2.435;0
2.45;2.45;2.45;2.45;4000
2.43;2.44;2.445;2.43;5653
2.43;2.43;2.43;2.43;42
2.43;2.43;2.43;2.43;3447
2.46;2.46;2.46;2.46;94
2.425;2.43;2.43;2.425;430
2.41;2.425;2.425;2.395;22897
2.41;2.41;2.41;2.41;0
2.395;2.4;2.4;2.395;4570
2.4;2.395;2.4;2.395;2298
2.4;2.39;2.4;2.39;400
2.4;2.4;2.4;2.4;560
2.4;2.4;2.4;2.4;857
2.4;2.4;2.4;2.4;0
2.4;2.4;2.4;2.4;0
2.4;2.4;2.4;2.4;0
2.4;2.4;2.4;2.4;326
2.4;2.4;2.4;2.4;0
2.4;2.4;2.4;2.4;2524
2.4;2.4;2.4;2.4;0
2.41;2.41;2.41;2.41;35
2.41;2.4;2.41;2.4;13476
2.425;2.425;2.425;2.425;750
2.425;2.425;2.425;2.425;0
2.425;2.425;2.425;2.425;0
2.425;2.425;2.425;2.425;0
2.43;2.43;2.43;2.43;500
2.43;2.43;2.43;2.43;0
2.41;2.41;2.41;2.41;3006
2.435;2.435;2.435;2.435;475
2.43;2.43;2.43;2.43;8
2.43;2.43;2.43;2.43;0
2.43;2.43;2.43;2.43;0
2.43;2.43;2.43;2.43;0
2.43;2.43;2.43;2.43;0
2.43;2.43;2.43;2.43;0
2.43;2.43;2.43;2.43;0
2.46;2.46;2.46;2.46;5000
2.46;2.46;2.46;2.46;0
2.46;2.46;2.46;2.46;0
2.46;2.46;2.46;2.46;500
2.46;2.46;2.46;2.46;80
2.455;2.455;2.455;2.455;15
2.455;2.455;2.455;2.455;0
2.455;2.455;2.455;2.455;0
2.455;2.455;2.455;2.455;0
2.455;2.455;2.455;2.455;49
2.455;2.455;2.455;2.455;0
2.455;2.45;2.46;2.45;4140
2.455;2.455;2.455;2.455;0
2.455;2.455;2.455;2.455;0
2.455;2.455;2.455;2.455;877
2.455;2.455;2.455;2.455;0
2.43;2.44;2.455;2.43;5783
2.43;2.43;2.43;2.43;0
2.43;2.43;2.43;2.43;0
2.43;2.43;2.43;2.43;0
2.43;2.43;2.43;2.43;1200
2.425;2.425;2.425;2.425;2156
2.425;2.425;2.425;2.425;0
2.425;2.425;2.425;2.425;0
2.425;2.425;2.425;2.425;0
2.425;2.425;2.425;2.425;0
2.425;2.425;2.425;2.425;0
2.425;2.425;2.425;2.425;0
2.425;2.425;2.425;2.425;0
2.425;2.425;2.425;2.425;0
2.425;2.425;2.425;2.425;0
2.425;2.425;2.425;2.425;0
2.425;2.425;2.425;2.425;0
2.42;2.42;2.42;2.42;706
2.42;2.42;2.42;2.42;0
2.42;2.42;2.42;2.42;0
2.42;2.42;2.42;2.42;0
2.41;2.41;2.41;2.41;1068
2.41;2.41;2.41;2.41;0
2.41;2.415;2.42;2.41;5059
2.41;2.41;2.41;2.41;0
2.41;2.41;2.41;2.41;0
2.41;2.41;2.41;2.41;0
2.41;2.41;2.41;2.41;0
2.41;2.41;2.41;2.41;0
2.41;2.41;2.41;2.41;1318
2.41;2.41;2.41;2.41;0
2.41;2.41;2.41;2.41;0
2.41;2.41;2.41;2.41;0
2.41;2.41;2.41;2.41;0
2.4;2.4;2.4;2.4;300
2.41;2.41;2.41;2.41;41
2.41;2.41;2.41;2.41;1000
2.4;2.41;2.41;2.4;4736
2.395;2.395;2.395;2.395;264
2.395;2.395;2.395;2.395;0
2.395;2.395;2.395;2.395;0
2.395;2.395;2.395;2.395;0
2.41;2.41;2.41;2.41;2321
2.41;2.41;2.41;2.41;0
2.41;2.41;2.41;2.41;2088
2.44;2.44;2.44;2.44;621
2.435;2.44;2.44;2.435;885
2.44;2.435;2.44;2.435;527
2.44;2.44;2.44;2.44;1230
2.44;2.44;2.44;2.44;0
2.39;2.44;2.44;2.39;39392
2.39;2.39;2.39;2.39;4036
2.39;2.39;2.39;2.39;350
2.385;2.385;2.385;2.385;353
2.385;2.385;2.385;2.385;800
2.38;2.39;2.4;2.38;12462
2.38;2.38;2.38;2.38;544
2.4;2.4;2.4;2.4;20
2.4;2.4;2.4;2.4;100
2.375;2.38;2.38;2.375;1796
2.38;2.39;2.39;2.38;6400
2.38;2.38;2.38;2.38;2719
2.38;2.38;2.38;2.38;0
2.37;2.38;2.385;2.37;2348
2.37;2.385;2.385;2.37;1749
2.37;2.37;2.37;2.37;0
2.385;2.385;2.385;2.385;45
2.38;2.385;2.385;2.38;1151
2.39;2.39;2.39;2.39;8
2.37;2.375;2.375;2.37;2813
2.37;2.37;2.37;2.37;12000
2.36;2.365;2.365;2.36;8811
2.37;2.36;2.37;2.36;1781
2.37;2.37;2.37;2.37;25
2.37;2.37;2.37;2.37;0
2.37;2.37;2.37;2.37;2159
2.365;2.365;2.365;2.365;1043
2.365;2.365;2.365;2.365;1457
2.36;2.36;2.36;2.36;1780
2.365;2.36;2.365;2.35;1639
2.365;2.365;2.365;2.365;0
2.37;2.365;2.37;2.365;4529
2.37;2.37;2.37;2.37;5900
2.36;2.37;2.37;2.36;6132
2.335;2.36;2.36;2.335;32000
2.35;2.335;2.35;2.335;2926
2.35;2.35;2.35;2.35;5043
2.35;2.35;2.35;2.34;29929
2.35;2.35;2.35;2.35;543
2.35;2.35;2.35;2.35;0
2.35;2.35;2.35;2.35;5842
2.345;2.345;2.345;2.345;700
2.345;2.345;2.345;2.345;0
2.345;2.345;2.345;2.345;0
2.35;2.345;2.35;2.345;2288
2.345;2.35;2.35;2.345;116
2.35;2.35;2.35;2.35;1000
2.335;2.35;2.35;2.335;3578
2.345;2.345;2.345;2.345;5415
2.345;2.345;2.345;2.345;0
2.33;2.345;2.345;2.33;12009
2.345;2.345;2.345;2.345;1521
2.34;2.34;2.34;2.34;1356
2.35;2.345;2.35;2.345;7250
2.35;2.35;2.35;2.35;600
2.34;2.35;2.35;2.34;423
2.35;2.34;2.35;2.335;6083
2.335;2.335;2.335;2.335;48
2.335;2.335;2.335;2.335;0
2.35;2.35;2.35;2.35;86
2.35;2.35;2.35;2.35;5
2.35;2.35;2.35;2.35;0
2.35;2.35;2.35;2.35;350
2.34;2.35;2.35;2.34;425
2.34;2.34;2.34;2.34;0
2.35;2.34;2.35;2.34;1050
2.35;2.35;2.35;2.35;500
2.35;2.35;2.35;2.35;1140
2.35;2.35;2.35;2.35;100
2.35;2.35;2.35;2.35;20
2.35;2.35;2.35;2.35;63
2.35;2.35;2.35;2.35;2500
2.35;2.35;2.35;2.35;0
2.35;2.35;2.35;2.35;305
2.35;2.35;2.35;2.35;4000
2.35;2.35;2.35;2.35;1000
2.36;2.35;2.36;2.35;4226
2.35;2.35;2.35;2.35;3064
2.35;2.35;2.35;2.35;2747
2.35;2.35;2.35;2.35;192
2.36;2.36;2.36;2.36;3000
2.36;2.36;2.36;2.36;100
2.36;2.36;2.36;2.36;0
2.36;2.36;2.36;2.36;1280
2.36;2.36;2.36;2.36;463
2.345;2.355;2.355;2.345;11477
2.35;2.345;2.35;2.34;3478
2.355;2.35;2.355;2.35;2605
2.36;2.35;2.36;2.35;954
2.345;2.345;2.345;2.345;5943
2.4;2.36;2.4;2.36;8267
2.395;2.395;2.395;2.395;800
2.36;2.385;2.385;2.36;7772
2.36;2.36;2.36;2.36;11155
2.39;2.36;2.39;2.36;5238
2.37;2.39;2.39;2.37;2550
2.37;2.37;2.37;2.37;0
2.37;2.37;2.37;2.37;0
2.395;2.38;2.395;2.38;10823
2.415;2.39;2.415;2.39;9228
2.43;2.415;2.43;2.415;13760
2.43;2.43;2.43;2.43;0
2.445;2.405;2.445;2.405;16646
2.435;2.445;2.45;2.435;10864
2.43;2.415;2.43;2.415;3712
2.4;2.42;2.42;2.4;21565
2.365;2.4;2.4;2.365;16073
2.365;2.365;2.365;2.365;0
2.365;2.365;2.365;2.365;0
2.38;2.385;2.385;2.38;1750
2.38;2.38;2.38;2.38;31680
2.38;2.38;2.38;2.38;35804
2.41;2.38;2.41;2.38;8588
2.39;2.39;2.39;2.39;1000
2.405;2.405;2.405;2.405;5
2.405;2.405;2.405;2.405;0
2.39;2.39;2.39;2.39;2496
2.38;2.385;2.385;2.38;11187
2.38;2.385;2.385;2.38;25202
2.38;2.38;2.38;2.38;0
2.38;2.37;2.38;2.37;1805
2.38;2.38;2.38;2.38;530
2.38;2.38;2.38;2.38;2500
2.38;2.38;2.38;2.38;0
2.38;2.38;2.38;2.38;7760
2.38;2.38;2.38;2.38;50
2.38;2.38;2.38;2.38;0
2.38;2.38;2.38;2.38;4300
2.38;2.37;2.38;2.37;7092
2.38;2.38;2.38;2.38;2000
2.38;2.38;2.38;2.38;400
2.38;2.38;2.38;2.38;5500
2.38;2.38;2.38;2.38;0
2.38;2.38;2.38;2.38;500
2.38;2.38;2.38;2.38;0
2.38;2.38;2.38;2.38;0
2.38;2.38;2.38;2.38;0
2.38;2.38;2.38;2.38;0
2.38;2.38;2.38;2.38;0
2.37;2.37;2.37;2.37;600
2.37;2.37;2.37;2.37;0
2.37;2.37;2.37;2.37;0
2.38;2.38;2.38;2.38;810
2.38;2.38;2.38;2.38;4606
2.38;2.38;2.38;2.38;2019
2.38;2.38;2.38;2.38;2500
2.38;2.38;2.38;2.38;398
2.38;2.38;2.38;2.38;0
2.375;2.37;2.375;2.37;500
2.375;2.375;2.375;2.375;0
2.38;2.375;2.38;2.375;5563
2.38;2.38;2.38;2.38;0
2.38;2.38;2.38;2.38;0
2.38;2.38;2.38;2.38;0
2.38;2.38;2.38;2.38;628
2.38;2.38;2.38;2.38;400
2.38;2.38;2.38;2.38;0
2.37;2.37;2.37;2.37;760
2.37;2.37;2.37;2.37;0
2.38;2.38;2.38;2.38;150
2.38;2.38;2.38;2.38;0
2.37;2.37;2.37;2.37;885
2.38;2.38;2.38;2.38;29
2.38;2.38;2.38;2.38;1917
2.38;2.38;2.38;2.38;0
2.38;2.38;2.38;2.38;2035
2.38;2.38;2.38;2.38;0
2.38;2.38;2.38;2.38;0
2.37;2.37;2.37;2.37;361
2.37;2.37;2.37;2.37;0
2.37;2.37;2.37;2.37;0
2.37;2.37;2.37;2.37;85
2.37;2.38;2.38;2.37;8040
2.38;2.38;2.38;2.38;2768
2.375;2.375;2.375;2.375;2000
2.375;2.375;2.375;2.375;0
2.38;2.38;2.38;2.38;14444
2.38;2.38;2.38;2.38;1939
2.38;2.375;2.38;2.375;3420
2.38;2.38;2.38;2.38;2005
2.38;2.38;2.38;2.38;2551
2.38;2.38;2.38;2.38;0
2.38;2.38;2.38;2.38;1200
2.375;2.375;2.38;2.375;5947
2.375;2.375;2.375;2.375;8416
2.42;2.4;2.42;2.4;15161
2.4;2.42;2.42;2.4;3497
2.42;2.42;2.42;2.42;505
2.42;2.4;2.42;2.4;678
2.415;2.4;2.415;2.4;2590
2.415;2.415;2.415;2.415;1680
2.4;2.42;2.42;2.4;5810
2.415;2.415;2.415;2.415;125
2.415;2.415;2.415;2.415;2075
2.415;2.395;2.415;2.395;1054
2.415;2.415;2.415;2.415;823
2.41;2.41;2.41;2.41;385
2.41;2.41;2.41;2.41;900
2.4;2.4;2.4;2.4;1230
2.4;2.4;2.4;2.39;2982
2.395;2.39;2.395;2.39;1872
2.395;2.395;2.395;2.395;0
2.395;2.395;2.395;2.395;0
2.395;2.395;2.395;2.395;1
2.395;2.395;2.395;2.395;1
2.41;2.41;2.41;2.41;10
2.41;2.41;2.41;2.41;800
2.41;2.41;2.41;2.41;0
2.41;2.41;2.41;2.41;2600
2.415;2.415;2.415;2.415;4500
2.43;2.42;2.43;2.42;12000
2.4;2.42;2.42;2.4;3600
2.43;2.43;2.43;2.43;388
2.43;2.43;2.43;2.43;0
2.43;2.43;2.43;2.43;282
2.43;2.43;2.43;2.43;0
2.41;2.41;2.41;2.41;1446
2.41;2.41;2.41;2.41;0
2.435;2.43;2.435;2.43;4538
2.41;2.43;2.43;2.41;2370
2.4;2.405;2.405;2.4;3000
2.4;2.4;2.4;2.4;0
2.4;2.4;2.4;2.4;0
2.4;2.4;2.4;2.4;0
2.4;2.4;2.4;2.4;0
2.43;2.41;2.43;2.41;1519
2.41;2.41;2.41;2.41;250
2.41;2.41;2.41;2.41;0
2.41;2.41;2.41;2.41;0
2.41;2.41;2.41;2.41;0
2.41;2.41;2.41;2.41;0
2.41;2.41;2.41;2.41;0
2.41;2.41;2.41;2.41;0
2.41;2.41;2.41;2.41;0
2.41;2.41;2.41;2.41;0
2.41;2.41;2.41;2.41;0
2.41;2.41;2.41;2.41;0
2.41;2.41;2.41;2.41;0
2.41;2.41;2.41;2.41;2289
2.43;2.43;2.43;2.43;848
2.42;2.42;2.42;2.42;18
2.42;2.42;2.42;2.42;0
2.435;2.43;2.435;2.43;5000
2.425;2.425;2.425;2.425;215
2.425;2.425;2.425;2.425;0
2.425;2.425;2.425;2.425;0
2.425;2.425;2.425;2.425;0
2.425;2.425;2.425;2.425;284
2.425;2.425;2.425;2.425;0
2.4;2.41;2.41;2.4;13496
2.4;2.4;2.4;2.4;0
2.4;2.4;2.4;2.4;0
2.4;2.4;2.4;2.4;0
2.4;2.4;2.4;2.4;0
2.4;2.4;2.4;2.4;2429
2.4;2.4;2.4;2.4;70
2.4;2.4;2.4;2.4;705
2.4;2.4;2.4;2.4;20447
2.4;2.4;2.4;2.4;5042
2.4;2.4;2.4;2.4;0
2.4;2.4;2.4;2.4;9320
2.4;2.4;2.4;2.4;235
2.4;2.4;2.4;2.4;1019
2.4;2.4;2.4;2.4;1665
2.395;2.4;2.4;2.395;4075
2.395;2.395;2.395;2.395;0
2.4;2.4;2.4;2.4;2050
2.4;2.4;2.4;2.4;10
2.4;2.4;2.4;2.4;250
2.4;2.4;2.4;2.4;1167
2.41;2.41;2.41;2.41;1400
2.41;2.41;2.41;2.41;95
2.41;2.41;2.41;2.41;0
2.42;2.42;2.42;2.42;50
2.42;2.42;2.42;2.42;1597
2.42;2.425;2.425;2.42;5074
2.425;2.425;2.43;2.425;3334
2.42;2.425;2.425;2.42;14698
