y;ds
17.26;2024-03-19 09:00:00
17.13;2024-03-19 09:05:00
17.23;2024-03-19 09:10:00
17.19;2024-03-19 09:15:00
17.26;2024-03-19 09:20:00
17.34;2024-03-19 09:25:00
17.25;2024-03-19 09:30:00
17.18;2024-03-19 09:35:00
17.17;2024-03-19 09:40:00
17.24;2024-03-19 09:45:00
17.14;2024-03-19 09:50:00
17.09;2024-03-19 09:55:00
17.14;2024-03-19 10:00:00
17.06;2024-03-19 10:05:00
17.07;2024-03-19 10:10:00
17.05;2024-03-19 10:15:00
17.09;2024-03-19 10:20:00
17.09;2024-03-19 10:25:00
17.04;2024-03-19 10:30:00
17.0;2024-03-19 10:35:00
17.02;2024-03-19 10:40:00
17.02;2024-03-19 10:45:00
17.01;2024-03-19 10:50:00
17.07;2024-03-19 10:55:00
17.03;2024-03-19 11:00:00
17.04;2024-03-19 11:05:00
17.04;2024-03-19 11:10:00
17.04;2024-03-19 11:15:00
17.01;2024-03-19 11:20:00
17.05;2024-03-19 11:25:00
17.05;2024-03-19 11:30:00
17.05;2024-03-19 11:35:00
17.04;2024-03-19 11:40:00
17.03;2024-03-19 11:45:00
17.01;2024-03-19 11:50:00
17.0;2024-03-19 11:55:00
16.99;2024-03-19 12:00:00
17.01;2024-03-19 12:05:00
17.03;2024-03-19 12:10:00
17.1;2024-03-19 12:15:00
17.16;2024-03-19 12:20:00
17.21;2024-03-19 12:25:00
17.23;2024-03-19 12:30:00
17.17;2024-03-19 12:35:00
17.13;2024-03-19 12:40:00
17.12;2024-03-19 12:45:00
17.09;2024-03-19 12:50:00
17.09;2024-03-19 12:55:00
17.06;2024-03-19 13:00:00
17.08;2024-03-19 13:05:00
17.08;2024-03-19 13:10:00
17.06;2024-03-19 13:15:00
17.09;2024-03-19 13:20:00
17.15;2024-03-19 13:25:00
17.13;2024-03-19 13:30:00
17.1;2024-03-19 13:35:00
17.11;2024-03-19 13:40:00
17.13;2024-03-19 13:45:00
17.12;2024-03-19 13:50:00
17.12;2024-03-19 13:55:00
17.09;2024-03-19 14:00:00
17.09;2024-03-19 14:05:00
17.12;2024-03-19 14:10:00
17.28;2024-03-19 14:15:00
17.24;2024-03-19 14:20:00
17.23;2024-03-19 14:25:00
17.14;2024-03-19 14:30:00
17.09;2024-03-19 14:35:00
17.1;2024-03-19 14:40:00
17.1;2024-03-19 14:45:00
17.12;2024-03-19 14:50:00
17.1;2024-03-19 14:55:00
17.08;2024-03-19 15:00:00
17.07;2024-03-19 15:05:00
17.06;2024-03-19 15:10:00
17.08;2024-03-19 15:15:00
17.1;2024-03-19 15:20:00
17.06;2024-03-19 15:25:00
17.07;2024-03-19 15:30:00
17.02;2024-03-19 15:35:00
17.03;2024-03-19 15:40:00
17.01;2024-03-19 15:45:00
17.03;2024-03-19 15:50:00
17.01;2024-03-19 15:55:00
17.02;2024-03-19 16:00:00
17.08;2024-03-19 16:05:00
17.05;2024-03-19 16:10:00
17.03;2024-03-19 16:15:00
17.12;2024-03-19 16:20:00
17.19;2024-03-19 16:25:00
17.27;2024-03-19 16:30:00
17.25;2024-03-19 16:35:00
17.35;2024-03-19 16:40:00
17.32;2024-03-19 16:45:00
17.49;2024-03-20 09:00:00
17.58;2024-03-20 09:05:00
17.36;2024-03-20 09:10:00
17.48;2024-03-20 09:15:00
17.74;2024-03-20 09:20:00
17.72;2024-03-20 09:25:00
17.76;2024-03-20 09:30:00
17.69;2024-03-20 09:35:00
17.74;2024-03-20 09:40:00
17.92;2024-03-20 09:45:00
17.99;2024-03-20 09:50:00
18.0;2024-03-20 09:55:00
18.01;2024-03-20 10:00:00
18.03;2024-03-20 10:05:00
17.94;2024-03-20 10:10:00
17.88;2024-03-20 10:15:00
17.84;2024-03-20 10:20:00
17.83;2024-03-20 10:25:00
17.79;2024-03-20 10:30:00
17.88;2024-03-20 10:35:00
17.9;2024-03-20 10:40:00
17.88;2024-03-20 10:45:00
17.79;2024-03-20 10:50:00
17.79;2024-03-20 10:55:00
17.82;2024-03-20 11:00:00
17.76;2024-03-20 11:05:00
17.77;2024-03-20 11:10:00
17.76;2024-03-20 11:15:00
17.7;2024-03-20 11:20:00
17.69;2024-03-20 11:25:00
17.68;2024-03-20 11:30:00
17.69;2024-03-20 11:35:00
17.71;2024-03-20 11:40:00
17.71;2024-03-20 11:45:00
17.71;2024-03-20 11:50:00
17.84;2024-03-20 11:55:00
17.81;2024-03-20 12:00:00
17.78;2024-03-20 12:05:00
17.84;2024-03-20 12:10:00
17.85;2024-03-20 12:15:00
17.81;2024-03-20 12:20:00
17.73;2024-03-20 12:25:00
17.74;2024-03-20 12:30:00
17.84;2024-03-20 12:35:00
17.82;2024-03-20 12:40:00
17.83;2024-03-20 12:45:00
17.85;2024-03-20 12:50:00
17.83;2024-03-20 12:55:00
17.93;2024-03-20 13:00:00
17.89;2024-03-20 13:05:00
17.94;2024-03-20 13:10:00
17.93;2024-03-20 13:15:00
17.85;2024-03-20 13:20:00
17.89;2024-03-20 13:25:00
17.9;2024-03-20 13:30:00
17.87;2024-03-20 13:35:00
17.9;2024-03-20 13:40:00
17.88;2024-03-20 13:45:00
17.89;2024-03-20 13:50:00
17.87;2024-03-20 13:55:00
17.88;2024-03-20 14:00:00
17.82;2024-03-20 14:05:00
17.92;2024-03-20 14:10:00
17.92;2024-03-20 14:15:00
18.04;2024-03-20 14:20:00
18.0;2024-03-20 14:25:00
17.98;2024-03-20 14:30:00
18.13;2024-03-20 14:35:00
18.17;2024-03-20 14:40:00
18.22;2024-03-20 14:45:00
18.26;2024-03-20 14:50:00
18.18;2024-03-20 14:55:00
18.18;2024-03-20 15:00:00
18.12;2024-03-20 15:05:00
18.17;2024-03-20 15:10:00
18.17;2024-03-20 15:15:00
18.14;2024-03-20 15:20:00
18.09;2024-03-20 15:25:00
18.14;2024-03-20 15:30:00
18.02;2024-03-20 15:35:00
18.04;2024-03-20 15:40:00
18.06;2024-03-20 15:45:00
18.11;2024-03-20 15:50:00
18.08;2024-03-20 15:55:00
18.06;2024-03-20 16:00:00
18.05;2024-03-20 16:05:00
18.04;2024-03-20 16:10:00
17.99;2024-03-20 16:15:00
17.98;2024-03-20 16:20:00
17.96;2024-03-20 16:25:00
18.01;2024-03-20 16:30:00
17.99;2024-03-20 16:35:00
18.02;2024-03-20 16:40:00
18.02;2024-03-20 16:45:00
18.85;2024-03-21 09:00:00
18.81;2024-03-21 09:05:00
18.95;2024-03-21 09:10:00
19.0;2024-03-21 09:15:00
18.97;2024-03-21 09:20:00
18.97;2024-03-21 09:25:00
19.17;2024-03-21 09:30:00
19.24;2024-03-21 09:35:00
19.29;2024-03-21 09:40:00
19.21;2024-03-21 09:45:00
19.32;2024-03-21 09:50:00
19.31;2024-03-21 09:55:00
19.24;2024-03-21 10:00:00
19.18;2024-03-21 10:05:00
19.2;2024-03-21 10:10:00
19.11;2024-03-21 10:15:00
19.22;2024-03-21 10:20:00
19.2;2024-03-21 10:25:00
19.2;2024-03-21 10:30:00
19.27;2024-03-21 10:35:00
19.33;2024-03-21 10:40:00
19.28;2024-03-21 10:45:00
19.27;2024-03-21 10:50:00
19.29;2024-03-21 10:55:00
19.28;2024-03-21 11:00:00
19.18;2024-03-21 11:05:00
19.17;2024-03-21 11:10:00
19.12;2024-03-21 11:15:00
19.14;2024-03-21 11:20:00
19.17;2024-03-21 11:25:00
19.21;2024-03-21 11:30:00
19.19;2024-03-21 11:35:00
19.19;2024-03-21 11:40:00
19.24;2024-03-21 11:45:00
19.24;2024-03-21 11:50:00
19.28;2024-03-21 11:55:00
19.34;2024-03-21 12:00:00
19.42;2024-03-21 12:05:00
19.5;2024-03-21 12:10:00
19.49;2024-03-21 12:15:00
19.44;2024-03-21 12:20:00
19.38;2024-03-21 12:25:00
19.38;2024-03-21 12:30:00
19.37;2024-03-21 12:35:00
19.4;2024-03-21 12:40:00
19.36;2024-03-21 12:45:00
19.34;2024-03-21 12:50:00
19.4;2024-03-21 12:55:00
19.4;2024-03-21 13:00:00
19.5;2024-03-21 13:05:00
19.41;2024-03-21 13:10:00
19.44;2024-03-21 13:15:00
19.4;2024-03-21 13:20:00
19.4;2024-03-21 13:25:00
19.42;2024-03-21 13:30:00
19.4;2024-03-21 13:35:00
19.46;2024-03-21 13:40:00
19.43;2024-03-21 13:45:00
19.39;2024-03-21 13:50:00
19.4;2024-03-21 13:55:00
19.4;2024-03-21 14:00:00
19.33;2024-03-21 14:05:00
19.35;2024-03-21 14:10:00
19.35;2024-03-21 14:15:00
19.35;2024-03-21 14:20:00
19.39;2024-03-21 14:25:00
19.33;2024-03-21 14:30:00
19.25;2024-03-21 14:35:00
19.23;2024-03-21 14:40:00
19.22;2024-03-21 14:45:00
19.19;2024-03-21 14:50:00
19.16;2024-03-21 14:55:00
19.26;2024-03-21 15:00:00
19.24;2024-03-21 15:05:00
19.22;2024-03-21 15:10:00
19.22;2024-03-21 15:15:00
19.24;2024-03-21 15:20:00
19.25;2024-03-21 15:25:00
19.25;2024-03-21 15:30:00
19.27;2024-03-21 15:35:00
19.31;2024-03-21 15:40:00
19.45;2024-03-21 15:45:00
19.4;2024-03-21 15:50:00
19.29;2024-03-21 15:55:00
19.31;2024-03-21 16:00:00
19.37;2024-03-21 16:05:00
19.34;2024-03-21 16:10:00
19.29;2024-03-21 16:15:00
19.29;2024-03-21 16:20:00
19.23;2024-03-21 16:25:00
19.22;2024-03-21 16:30:00
19.21;2024-03-21 16:35:00
19.2;2024-03-21 16:40:00
19.15;2024-03-21 16:45:00
19.22;2024-03-22 09:00:00
19.27;2024-03-22 09:05:00
19.3;2024-03-22 09:10:00
19.38;2024-03-22 09:15:00
19.43;2024-03-22 09:20:00
19.31;2024-03-22 09:25:00
19.25;2024-03-22 09:30:00
19.31;2024-03-22 09:35:00
19.32;2024-03-22 09:40:00
19.33;2024-03-22 09:45:00
19.39;2024-03-22 09:50:00
19.41;2024-03-22 09:55:00
19.45;2024-03-22 10:00:00
19.4;2024-03-22 10:05:00
19.43;2024-03-22 10:10:00
19.43;2024-03-22 10:15:00
19.42;2024-03-22 10:20:00
19.4;2024-03-22 10:25:00
19.26;2024-03-22 10:30:00
19.28;2024-03-22 10:35:00
19.27;2024-03-22 10:40:00
19.28;2024-03-22 10:45:00
19.22;2024-03-22 10:50:00
19.24;2024-03-22 10:55:00
19.26;2024-03-22 11:00:00
19.24;2024-03-22 11:05:00
19.27;2024-03-22 11:10:00
19.23;2024-03-22 11:15:00
19.15;2024-03-22 11:20:00
19.18;2024-03-22 11:25:00
19.12;2024-03-22 11:30:00
19.08;2024-03-22 11:35:00
19.1;2024-03-22 11:40:00
19.05;2024-03-22 11:45:00
19.13;2024-03-22 11:50:00
19.04;2024-03-22 11:55:00
19.11;2024-03-22 12:00:00
19.08;2024-03-22 12:05:00
19.06;2024-03-22 12:10:00
19.07;2024-03-22 12:15:00
19.01;2024-03-22 12:20:00
19.03;2024-03-22 12:25:00
18.99;2024-03-22 12:30:00
18.95;2024-03-22 12:35:00
19.03;2024-03-22 12:40:00
19.07;2024-03-22 12:45:00
19.14;2024-03-22 12:50:00
19.14;2024-03-22 12:55:00
19.12;2024-03-22 13:00:00
19.16;2024-03-22 13:05:00
19.16;2024-03-22 13:10:00
19.21;2024-03-22 13:15:00
19.18;2024-03-22 13:20:00
19.21;2024-03-22 13:25:00
19.26;2024-03-22 13:30:00
19.23;2024-03-22 13:35:00
19.3;2024-03-22 13:40:00
19.31;2024-03-22 13:45:00
19.32;2024-03-22 13:50:00
19.33;2024-03-22 13:55:00
19.32;2024-03-22 14:00:00
19.31;2024-03-22 14:05:00
19.24;2024-03-22 14:10:00
19.32;2024-03-22 14:15:00
19.29;2024-03-22 14:20:00
19.26;2024-03-22 14:25:00
19.16;2024-03-22 14:30:00
19.23;2024-03-22 14:35:00
19.21;2024-03-22 14:40:00
19.19;2024-03-22 14:45:00
19.22;2024-03-22 14:50:00
19.23;2024-03-22 14:55:00
19.35;2024-03-22 15:00:00
19.26;2024-03-22 15:05:00
19.28;2024-03-22 15:10:00
19.34;2024-03-22 15:15:00
19.3;2024-03-22 15:20:00
19.3;2024-03-22 15:25:00
19.22;2024-03-22 15:30:00
19.25;2024-03-22 15:35:00
19.26;2024-03-22 15:40:00
19.25;2024-03-22 15:45:00
19.25;2024-03-22 15:50:00
19.08;2024-03-22 15:55:00
19.06;2024-03-22 16:00:00
19.03;2024-03-22 16:05:00
19.03;2024-03-22 16:10:00
18.96;2024-03-22 16:15:00
18.94;2024-03-22 16:20:00
18.86;2024-03-22 16:25:00
18.88;2024-03-22 16:30:00
18.89;2024-03-22 16:35:00
18.95;2024-03-22 16:40:00
18.89;2024-03-22 16:45:00
18.62;2024-03-25 09:00:00
18.7;2024-03-25 09:05:00
18.57;2024-03-25 09:10:00
18.59;2024-03-25 09:15:00
18.43;2024-03-25 09:20:00
18.38;2024-03-25 09:25:00
18.36;2024-03-25 09:30:00
18.28;2024-03-25 09:35:00
18.31;2024-03-25 09:40:00
18.27;2024-03-25 09:45:00
18.21;2024-03-25 09:50:00
18.29;2024-03-25 09:55:00
18.23;2024-03-25 10:00:00
18.16;2024-03-25 10:05:00
18.17;2024-03-25 10:10:00
18.18;2024-03-25 10:15:00
18.17;2024-03-25 10:20:00
18.14;2024-03-25 10:25:00
18.15;2024-03-25 10:30:00
18.16;2024-03-25 10:35:00
18.17;2024-03-25 10:40:00
18.14;2024-03-25 10:45:00
18.15;2024-03-25 10:50:00
18.12;2024-03-25 10:55:00
18.1;2024-03-25 11:00:00
17.94;2024-03-25 11:05:00
17.93;2024-03-25 11:10:00
17.99;2024-03-25 11:15:00
17.97;2024-03-25 11:20:00
17.91;2024-03-25 11:25:00
17.86;2024-03-25 11:30:00
17.89;2024-03-25 11:35:00
17.91;2024-03-25 11:40:00
17.96;2024-03-25 11:45:00
17.96;2024-03-25 11:50:00
17.92;2024-03-25 11:55:00
18.03;2024-03-25 12:00:00
18.01;2024-03-25 12:05:00
17.98;2024-03-25 12:10:00
18.01;2024-03-25 12:15:00
18.01;2024-03-25 12:20:00
18.03;2024-03-25 12:25:00
18.03;2024-03-25 12:30:00
18.01;2024-03-25 12:35:00
17.98;2024-03-25 12:40:00
18.03;2024-03-25 12:45:00
18.0;2024-03-25 12:50:00
17.89;2024-03-25 12:55:00
17.77;2024-03-25 13:00:00
17.88;2024-03-25 13:05:00
17.82;2024-03-25 13:10:00
17.85;2024-03-25 13:15:00
17.89;2024-03-25 13:20:00
17.89;2024-03-25 13:25:00
17.91;2024-03-25 13:30:00
17.8;2024-03-25 13:35:00
17.84;2024-03-25 13:40:00
17.9;2024-03-25 13:45:00
18.01;2024-03-25 13:50:00
17.92;2024-03-25 13:55:00
17.93;2024-03-25 14:00:00
17.93;2024-03-25 14:05:00
17.92;2024-03-25 14:10:00
17.83;2024-03-25 14:15:00
17.8;2024-03-25 14:20:00
17.71;2024-03-25 14:25:00
17.63;2024-03-25 14:30:00
17.53;2024-03-25 14:35:00
17.51;2024-03-25 14:40:00
17.59;2024-03-25 14:45:00
17.55;2024-03-25 14:50:00
17.56;2024-03-25 14:55:00
17.54;2024-03-25 15:00:00
17.48;2024-03-25 15:05:00
17.57;2024-03-25 15:10:00
17.62;2024-03-25 15:15:00
17.69;2024-03-25 15:20:00
17.72;2024-03-25 15:25:00
17.84;2024-03-25 15:30:00
17.85;2024-03-25 15:35:00
17.83;2024-03-25 15:40:00
17.85;2024-03-25 15:45:00
17.73;2024-03-25 15:50:00
17.63;2024-03-25 15:55:00
17.75;2024-03-25 16:00:00
17.77;2024-03-25 16:05:00
17.74;2024-03-25 16:10:00
17.71;2024-03-25 16:15:00
17.71;2024-03-25 16:20:00
17.68;2024-03-25 16:25:00
17.61;2024-03-25 16:30:00
17.61;2024-03-25 16:35:00
17.65;2024-03-25 16:40:00
17.58;2024-03-25 16:45:00
17.73;2024-03-26 09:00:00
17.82;2024-03-26 09:05:00
17.48;2024-03-26 09:10:00
17.46;2024-03-26 09:15:00
17.45;2024-03-26 09:20:00
17.57;2024-03-26 09:25:00
17.5;2024-03-26 09:30:00
17.44;2024-03-26 09:35:00
17.67;2024-03-26 09:40:00
17.68;2024-03-26 09:45:00
17.72;2024-03-26 09:50:00
17.62;2024-03-26 09:55:00
17.6;2024-03-26 10:00:00
17.56;2024-03-26 10:05:00
17.61;2024-03-26 10:10:00
17.65;2024-03-26 10:15:00
17.68;2024-03-26 10:20:00
17.65;2024-03-26 10:25:00
17.74;2024-03-26 10:30:00
17.78;2024-03-26 10:35:00
17.75;2024-03-26 10:40:00
17.76;2024-03-26 10:45:00
17.8;2024-03-26 10:50:00
17.82;2024-03-26 10:55:00
17.9;2024-03-26 11:00:00
17.89;2024-03-26 11:05:00
17.89;2024-03-26 11:10:00
17.93;2024-03-26 11:15:00
17.9;2024-03-26 11:20:00
17.93;2024-03-26 11:25:00
17.99;2024-03-26 11:30:00
17.95;2024-03-26 11:35:00
17.92;2024-03-26 11:40:00
17.94;2024-03-26 11:45:00
17.86;2024-03-26 11:50:00
17.87;2024-03-26 11:55:00
17.87;2024-03-26 12:00:00
17.82;2024-03-26 12:05:00
17.84;2024-03-26 12:10:00
17.84;2024-03-26 12:15:00
17.91;2024-03-26 12:20:00
17.96;2024-03-26 12:25:00
18.0;2024-03-26 12:30:00
17.97;2024-03-26 12:35:00
18.04;2024-03-26 12:40:00
18.1;2024-03-26 12:45:00
18.09;2024-03-26 12:50:00
18.13;2024-03-26 12:55:00
18.09;2024-03-26 13:00:00
18.07;2024-03-26 13:05:00
18.07;2024-03-26 13:10:00
18.08;2024-03-26 13:15:00
18.05;2024-03-26 13:20:00
18.08;2024-03-26 13:25:00
18.07;2024-03-26 13:30:00
18.12;2024-03-26 13:35:00
18.02;2024-03-26 13:40:00
18.09;2024-03-26 13:45:00
18.08;2024-03-26 13:50:00
18.1;2024-03-26 13:55:00
18.05;2024-03-26 14:00:00
18.02;2024-03-26 14:05:00
18.05;2024-03-26 14:10:00
18.05;2024-03-26 14:15:00
18.05;2024-03-26 14:20:00
18.06;2024-03-26 14:25:00
18.01;2024-03-26 14:30:00
18.03;2024-03-26 14:35:00
18.06;2024-03-26 14:40:00
18.1;2024-03-26 14:45:00
18.06;2024-03-26 14:50:00
18.03;2024-03-26 14:55:00
18.1;2024-03-26 15:00:00
18.03;2024-03-26 15:05:00
18.03;2024-03-26 15:10:00
18.08;2024-03-26 15:15:00
18.05;2024-03-26 15:20:00
18.08;2024-03-26 15:25:00
18.04;2024-03-26 15:30:00
18.09;2024-03-26 15:35:00
18.08;2024-03-26 15:40:00
18.09;2024-03-26 15:45:00
18.01;2024-03-26 15:50:00
18.04;2024-03-26 15:55:00
18.01;2024-03-26 16:00:00
18.02;2024-03-26 16:05:00
18.0;2024-03-26 16:10:00
18.04;2024-03-26 16:15:00
17.95;2024-03-26 16:20:00
17.89;2024-03-26 16:25:00
17.98;2024-03-26 16:30:00
17.92;2024-03-26 16:35:00
18.01;2024-03-26 16:40:00
18.0;2024-03-26 16:45:00
18.16;2024-03-27 09:00:00
18.15;2024-03-27 09:05:00
18.15;2024-03-27 09:10:00
17.99;2024-03-27 09:15:00
18.05;2024-03-27 09:20:00
17.9;2024-03-27 09:25:00
17.9;2024-03-27 09:30:00
17.93;2024-03-27 09:35:00
18.0;2024-03-27 09:40:00
17.93;2024-03-27 09:45:00
18.0;2024-03-27 09:50:00
17.91;2024-03-27 09:55:00
17.87;2024-03-27 10:00:00
17.86;2024-03-27 10:05:00
17.85;2024-03-27 10:10:00
17.88;2024-03-27 10:15:00
17.76;2024-03-27 10:20:00
17.81;2024-03-27 10:25:00
17.7;2024-03-27 10:30:00
17.69;2024-03-27 10:35:00
17.69;2024-03-27 10:40:00
17.66;2024-03-27 10:45:00
17.59;2024-03-27 10:50:00
17.58;2024-03-27 10:55:00
17.55;2024-03-27 11:00:00
17.56;2024-03-27 11:05:00
17.57;2024-03-27 11:10:00
17.6;2024-03-27 11:15:00
17.6;2024-03-27 11:20:00
17.61;2024-03-27 11:25:00
17.63;2024-03-27 11:30:00
17.59;2024-03-27 11:35:00
17.59;2024-03-27 11:40:00
17.61;2024-03-27 11:45:00
17.61;2024-03-27 11:50:00
17.61;2024-03-27 11:55:00
17.59;2024-03-27 12:00:00
17.55;2024-03-27 12:05:00
17.54;2024-03-27 12:10:00
17.59;2024-03-27 12:15:00
17.57;2024-03-27 12:20:00
17.59;2024-03-27 12:25:00
17.66;2024-03-27 12:30:00
17.62;2024-03-27 12:35:00
17.61;2024-03-27 12:40:00
17.64;2024-03-27 12:45:00
17.64;2024-03-27 12:50:00
17.63;2024-03-27 12:55:00
17.61;2024-03-27 13:00:00
17.59;2024-03-27 13:05:00
17.56;2024-03-27 13:10:00
17.56;2024-03-27 13:15:00
17.5;2024-03-27 13:20:00
17.5;2024-03-27 13:25:00
17.57;2024-03-27 13:30:00
17.58;2024-03-27 13:35:00
17.52;2024-03-27 13:40:00
17.56;2024-03-27 13:45:00
17.58;2024-03-27 13:50:00
17.6;2024-03-27 13:55:00
17.57;2024-03-27 14:00:00
17.55;2024-03-27 14:05:00
17.56;2024-03-27 14:10:00
17.53;2024-03-27 14:15:00
17.54;2024-03-27 14:20:00
17.52;2024-03-27 14:25:00
17.53;2024-03-27 14:30:00
17.51;2024-03-27 14:35:00
17.51;2024-03-27 14:40:00
17.49;2024-03-27 14:45:00
17.47;2024-03-27 14:50:00
17.48;2024-03-27 14:55:00
17.47;2024-03-27 15:00:00
17.47;2024-03-27 15:05:00
17.54;2024-03-27 15:10:00
17.54;2024-03-27 15:15:00
17.55;2024-03-27 15:20:00
17.56;2024-03-27 15:25:00
17.57;2024-03-27 15:30:00
17.55;2024-03-27 15:35:00
17.55;2024-03-27 15:40:00
17.54;2024-03-27 15:45:00
17.55;2024-03-27 15:50:00
17.51;2024-03-27 15:55:00
17.62;2024-03-27 16:00:00
17.7;2024-03-27 16:05:00
17.7;2024-03-27 16:10:00
17.66;2024-03-27 16:15:00
17.58;2024-03-27 16:20:00
17.62;2024-03-27 16:25:00
17.72;2024-03-27 16:30:00
17.75;2024-03-27 16:35:00
17.83;2024-03-27 16:40:00
17.84;2024-03-27 16:45:00
17.82;2024-03-28 09:00:00
17.9;2024-03-28 09:05:00
17.73;2024-03-28 09:10:00
17.7;2024-03-28 09:15:00
17.75;2024-03-28 09:20:00
17.84;2024-03-28 09:25:00
17.82;2024-03-28 09:30:00
17.85;2024-03-28 09:35:00
17.86;2024-03-28 09:40:00
17.84;2024-03-28 09:45:00
17.85;2024-03-28 09:50:00
17.83;2024-03-28 09:55:00
17.83;2024-03-28 10:00:00
17.87;2024-03-28 10:05:00
17.84;2024-03-28 10:10:00
17.85;2024-03-28 10:15:00
17.84;2024-03-28 10:20:00
17.79;2024-03-28 10:25:00
17.77;2024-03-28 10:30:00
17.74;2024-03-28 10:35:00
17.74;2024-03-28 10:40:00
17.76;2024-03-28 10:45:00
17.75;2024-03-28 10:50:00
17.72;2024-03-28 10:55:00
17.66;2024-03-28 11:00:00
17.66;2024-03-28 11:05:00
17.64;2024-03-28 11:10:00
17.74;2024-03-28 11:15:00
17.68;2024-03-28 11:20:00
17.69;2024-03-28 11:25:00
17.72;2024-03-28 11:30:00
17.8;2024-03-28 11:35:00
17.73;2024-03-28 11:40:00
17.75;2024-03-28 11:45:00
17.73;2024-03-28 11:50:00
17.73;2024-03-28 11:55:00
17.74;2024-03-28 12:00:00
17.77;2024-03-28 12:05:00
17.83;2024-03-28 12:10:00
17.81;2024-03-28 12:15:00
17.78;2024-03-28 12:20:00
17.81;2024-03-28 12:25:00
17.78;2024-03-28 12:30:00
17.77;2024-03-28 12:35:00
17.74;2024-03-28 12:40:00
17.76;2024-03-28 12:45:00
17.77;2024-03-28 12:50:00
17.76;2024-03-28 12:55:00
17.76;2024-03-28 13:00:00
17.78;2024-03-28 13:05:00
17.75;2024-03-28 13:10:00
17.74;2024-03-28 13:15:00
17.77;2024-03-28 13:20:00
17.76;2024-03-28 13:25:00
17.71;2024-03-28 13:30:00
17.74;2024-03-28 13:35:00
17.77;2024-03-28 13:40:00
17.79;2024-03-28 13:45:00
17.86;2024-03-28 13:50:00
17.94;2024-03-28 13:55:00
18.03;2024-03-28 14:00:00
18.0;2024-03-28 14:05:00
17.99;2024-03-28 14:10:00
18.05;2024-03-28 14:15:00
17.99;2024-03-28 14:20:00
17.98;2024-03-28 14:25:00
18.0;2024-03-28 14:30:00
17.97;2024-03-28 14:35:00
18.01;2024-03-28 14:40:00
17.95;2024-03-28 14:45:00
17.95;2024-03-28 14:50:00
17.98;2024-03-28 14:55:00
17.87;2024-03-28 15:00:00
17.88;2024-03-28 15:05:00
17.9;2024-03-28 15:10:00
17.89;2024-03-28 15:15:00
17.97;2024-03-28 15:20:00
17.93;2024-03-28 15:25:00
17.97;2024-03-28 15:30:00
18.0;2024-03-28 15:35:00
18.0;2024-03-28 15:40:00
18.08;2024-03-28 15:45:00
18.06;2024-03-28 15:50:00
18.07;2024-03-28 15:55:00
18.05;2024-03-28 16:00:00
18.06;2024-03-28 16:05:00
18.07;2024-03-28 16:10:00
18.15;2024-03-28 16:15:00
18.17;2024-03-28 16:20:00
18.18;2024-03-28 16:25:00
18.17;2024-03-28 16:30:00
18.09;2024-03-28 16:35:00
18.07;2024-03-28 16:40:00
18.0;2024-03-28 16:45:00
18.02;2024-04-02 09:00:00
17.9;2024-04-02 09:05:00
18.04;2024-04-02 09:10:00
18.06;2024-04-02 09:15:00
17.975;2024-04-02 09:20:00
17.985;2024-04-02 09:25:00
18.035;2024-04-02 09:30:00
18.08;2024-04-02 09:35:00
18.095;2024-04-02 09:40:00
18.075;2024-04-02 09:45:00
18.13;2024-04-02 09:50:00
18.17;2024-04-02 09:55:00
18.175;2024-04-02 10:00:00
18.12;2024-04-02 10:05:00
18.03;2024-04-02 10:10:00
17.965;2024-04-02 10:15:00
18.04;2024-04-02 10:20:00
18.005;2024-04-02 10:25:00
17.985;2024-04-02 10:30:00
18.01;2024-04-02 10:35:00
17.99;2024-04-02 10:40:00
17.975;2024-04-02 10:45:00
18.015;2024-04-02 10:50:00
18.05;2024-04-02 10:55:00
18.09;2024-04-02 11:00:00
18.055;2024-04-02 11:05:00
18.09;2024-04-02 11:10:00
18.055;2024-04-02 11:15:00
18.055;2024-04-02 11:20:00
18.05;2024-04-02 11:25:00
17.98;2024-04-02 11:30:00
17.975;2024-04-02 11:35:00
17.975;2024-04-02 11:40:00
17.975;2024-04-02 11:45:00
17.965;2024-04-02 11:50:00
17.96;2024-04-02 11:55:00
17.99;2024-04-02 12:00:00
18.01;2024-04-02 12:05:00
17.99;2024-04-02 12:10:00
18.02;2024-04-02 12:15:00
18.02;2024-04-02 12:20:00
18.0;2024-04-02 12:25:00
18.07;2024-04-02 12:30:00
18.065;2024-04-02 12:35:00
18.005;2024-04-02 12:40:00
18.035;2024-04-02 12:45:00
18.025;2024-04-02 12:50:00
17.975;2024-04-02 12:55:00
17.97;2024-04-02 13:00:00
17.975;2024-04-02 13:05:00
17.975;2024-04-02 13:10:00
17.94;2024-04-02 13:15:00
17.935;2024-04-02 13:20:00
17.93;2024-04-02 13:25:00
17.945;2024-04-02 13:30:00
17.88;2024-04-02 13:35:00
17.895;2024-04-02 13:40:00
17.895;2024-04-02 13:45:00
17.905;2024-04-02 13:50:00
17.915;2024-04-02 13:55:00
17.92;2024-04-02 14:00:00
17.84;2024-04-02 14:05:00
17.85;2024-04-02 14:10:00
17.825;2024-04-02 14:15:00
17.78;2024-04-02 14:20:00
17.83;2024-04-02 14:25:00
17.815;2024-04-02 14:30:00
17.8;2024-04-02 14:35:00
17.815;2024-04-02 14:40:00
17.785;2024-04-02 14:45:00
17.71;2024-04-02 14:50:00
17.65;2024-04-02 14:55:00
17.65;2024-04-02 15:00:00
17.645;2024-04-02 15:05:00
17.6;2024-04-02 15:10:00
17.65;2024-04-02 15:15:00
17.6;2024-04-02 15:20:00
17.65;2024-04-02 15:25:00
17.64;2024-04-02 15:30:00
17.64;2024-04-02 15:35:00
17.595;2024-04-02 15:40:00
17.59;2024-04-02 15:45:00
17.615;2024-04-02 15:50:00
17.635;2024-04-02 15:55:00
17.675;2024-04-02 16:00:00
17.65;2024-04-02 16:05:00
17.675;2024-04-02 16:10:00
17.635;2024-04-02 16:15:00
17.69;2024-04-02 16:20:00
17.645;2024-04-02 16:25:00
17.62;2024-04-02 16:30:00
17.615;2024-04-02 16:35:00
17.68;2024-04-02 16:40:00
17.7;2024-04-02 16:45:00
17.8;2024-04-03 09:00:00
17.9;2024-04-03 09:05:00
17.86;2024-04-03 09:10:00
17.9;2024-04-03 09:15:00
17.915;2024-04-03 09:20:00
17.855;2024-04-03 09:25:00
17.81;2024-04-03 09:30:00
17.83;2024-04-03 09:35:00
17.765;2024-04-03 09:40:00
17.76;2024-04-03 09:45:00
17.78;2024-04-03 09:50:00
17.78;2024-04-03 09:55:00
17.85;2024-04-03 10:00:00
17.82;2024-04-03 10:05:00
17.855;2024-04-03 10:10:00
17.895;2024-04-03 10:15:00
17.88;2024-04-03 10:20:00
17.84;2024-04-03 10:25:00
17.845;2024-04-03 10:30:00
17.83;2024-04-03 10:35:00
17.855;2024-04-03 10:40:00
17.88;2024-04-03 10:45:00
17.875;2024-04-03 10:50:00
17.835;2024-04-03 10:55:00
17.855;2024-04-03 11:00:00
17.85;2024-04-03 11:05:00
17.85;2024-04-03 11:10:00
17.885;2024-04-03 11:15:00
17.91;2024-04-03 11:20:00
17.91;2024-04-03 11:25:00
17.965;2024-04-03 11:30:00
17.975;2024-04-03 11:35:00
17.98;2024-04-03 11:40:00
17.96;2024-04-03 11:45:00
18.01;2024-04-03 11:50:00
18.01;2024-04-03 11:55:00
17.965;2024-04-03 12:00:00
17.99;2024-04-03 12:05:00
17.925;2024-04-03 12:10:00
17.94;2024-04-03 12:15:00
17.94;2024-04-03 12:20:00
17.915;2024-04-03 12:25:00
17.88;2024-04-03 12:30:00
17.91;2024-04-03 12:35:00
17.86;2024-04-03 12:40:00
17.87;2024-04-03 12:45:00
17.84;2024-04-03 12:50:00
17.86;2024-04-03 12:55:00
17.88;2024-04-03 13:00:00
17.85;2024-04-03 13:05:00
17.84;2024-04-03 13:10:00
17.83;2024-04-03 13:15:00
17.835;2024-04-03 13:20:00
17.815;2024-04-03 13:25:00
17.805;2024-04-03 13:30:00
17.8;2024-04-03 13:35:00
17.765;2024-04-03 13:40:00
17.79;2024-04-03 13:45:00
17.77;2024-04-03 13:50:00
17.725;2024-04-03 13:55:00
17.73;2024-04-03 14:00:00
17.74;2024-04-03 14:05:00
17.75;2024-04-03 14:10:00
17.73;2024-04-03 14:15:00
17.7;2024-04-03 14:20:00
17.695;2024-04-03 14:25:00
17.685;2024-04-03 14:30:00
17.65;2024-04-03 14:35:00
17.7;2024-04-03 14:40:00
17.7;2024-04-03 14:45:00
17.7;2024-04-03 14:50:00
17.685;2024-04-03 14:55:00
17.7;2024-04-03 15:00:00
17.8;2024-04-03 15:05:00
17.74;2024-04-03 15:10:00
17.74;2024-04-03 15:15:00
17.7;2024-04-03 15:20:00
17.69;2024-04-03 15:25:00
17.695;2024-04-03 15:30:00
17.685;2024-04-03 15:35:00
17.72;2024-04-03 15:40:00
17.63;2024-04-03 15:45:00
17.665;2024-04-03 15:50:00
17.645;2024-04-03 15:55:00
17.78;2024-04-03 16:00:00
17.72;2024-04-03 16:05:00
17.675;2024-04-03 16:10:00
17.68;2024-04-03 16:15:00
17.685;2024-04-03 16:20:00
17.685;2024-04-03 16:25:00
17.735;2024-04-03 16:30:00
17.66;2024-04-03 16:35:00
17.66;2024-04-03 16:40:00
17.68;2024-04-03 16:45:00
17.72;2024-04-03 16:55:00
17.77;2024-04-04 09:00:00
17.57;2024-04-04 09:05:00
17.61;2024-04-04 09:10:00
17.61;2024-04-04 09:15:00
17.64;2024-04-04 09:20:00
17.64;2024-04-04 09:25:00
17.64;2024-04-04 09:30:00
17.695;2024-04-04 09:35:00
17.68;2024-04-04 09:40:00
17.7;2024-04-04 09:45:00
17.77;2024-04-04 09:50:00
17.715;2024-04-04 09:55:00
17.755;2024-04-04 10:00:00
17.795;2024-04-04 10:05:00
17.815;2024-04-04 10:10:00
17.82;2024-04-04 10:15:00
17.86;2024-04-04 10:20:00
17.895;2024-04-04 10:25:00
17.85;2024-04-04 10:30:00
17.755;2024-04-04 10:35:00
17.73;2024-04-04 10:40:00
17.735;2024-04-04 10:45:00
17.735;2024-04-04 10:50:00
17.73;2024-04-04 10:55:00
17.685;2024-04-04 11:00:00
17.76;2024-04-04 11:05:00
17.72;2024-04-04 11:10:00
17.72;2024-04-04 11:15:00
17.74;2024-04-04 11:20:00
17.72;2024-04-04 11:25:00
17.73;2024-04-04 11:30:00
17.715;2024-04-04 11:35:00
17.72;2024-04-04 11:40:00
17.76;2024-04-04 11:45:00
17.74;2024-04-04 11:50:00
17.755;2024-04-04 11:55:00
17.8;2024-04-04 12:00:00
17.82;2024-04-04 12:05:00
17.795;2024-04-04 12:10:00
17.755;2024-04-04 12:15:00
17.73;2024-04-04 12:20:00
17.735;2024-04-04 12:25:00
17.72;2024-04-04 12:30:00
17.73;2024-04-04 12:35:00
17.735;2024-04-04 12:40:00
17.695;2024-04-04 12:45:00
17.73;2024-04-04 12:50:00
17.73;2024-04-04 12:55:00
17.69;2024-04-04 13:00:00
17.66;2024-04-04 13:05:00
17.665;2024-04-04 13:10:00
17.72;2024-04-04 13:15:00
17.73;2024-04-04 13:20:00
17.745;2024-04-04 13:25:00
17.745;2024-04-04 13:30:00
17.73;2024-04-04 13:35:00
17.72;2024-04-04 13:40:00
17.71;2024-04-04 13:45:00
17.735;2024-04-04 13:50:00
17.685;2024-04-04 13:55:00
17.685;2024-04-04 14:00:00
17.71;2024-04-04 14:05:00
17.72;2024-04-04 14:10:00
17.685;2024-04-04 14:15:00
17.68;2024-04-04 14:20:00
17.69;2024-04-04 14:25:00
17.71;2024-04-04 14:30:00
17.71;2024-04-04 14:35:00
17.73;2024-04-04 14:40:00
17.68;2024-04-04 14:45:00
17.71;2024-04-04 14:50:00
17.685;2024-04-04 14:55:00
17.665;2024-04-04 15:00:00
17.685;2024-04-04 15:05:00
17.685;2024-04-04 15:10:00
17.695;2024-04-04 15:15:00
17.715;2024-04-04 15:20:00
17.74;2024-04-04 15:25:00
17.73;2024-04-04 15:30:00
17.75;2024-04-04 15:35:00
17.735;2024-04-04 15:40:00
17.735;2024-04-04 15:45:00
17.745;2024-04-04 15:50:00
17.745;2024-04-04 15:55:00
17.7;2024-04-04 16:00:00
17.76;2024-04-04 16:05:00
17.735;2024-04-04 16:10:00
17.735;2024-04-04 16:15:00
17.725;2024-04-04 16:20:00
17.74;2024-04-04 16:25:00
17.805;2024-04-04 16:30:00
17.805;2024-04-04 16:35:00
17.83;2024-04-04 16:40:00
17.9;2024-04-04 16:45:00
17.845;2024-04-04 16:55:00
17.595;2024-04-05 09:00:00
17.625;2024-04-05 09:05:00
17.59;2024-04-05 09:10:00
17.515;2024-04-05 09:15:00
17.5;2024-04-05 09:20:00
17.495;2024-04-05 09:25:00
17.4;2024-04-05 09:30:00
17.48;2024-04-05 09:35:00
17.45;2024-04-05 09:40:00
17.49;2024-04-05 09:45:00
17.51;2024-04-05 09:50:00
17.655;2024-04-05 09:55:00
17.635;2024-04-05 10:00:00
17.625;2024-04-05 10:05:00
17.605;2024-04-05 10:10:00
17.59;2024-04-05 10:15:00
17.65;2024-04-05 10:20:00
17.58;2024-04-05 10:25:00
17.575;2024-04-05 10:30:00
17.605;2024-04-05 10:35:00
17.635;2024-04-05 10:40:00
17.64;2024-04-05 10:45:00
17.675;2024-04-05 10:50:00
17.625;2024-04-05 10:55:00
17.61;2024-04-05 11:00:00
17.61;2024-04-05 11:05:00
17.58;2024-04-05 11:10:00
17.595;2024-04-05 11:15:00
17.62;2024-04-05 11:20:00
17.65;2024-04-05 11:25:00
17.645;2024-04-05 11:30:00
17.655;2024-04-05 11:35:00
17.68;2024-04-05 11:40:00
17.625;2024-04-05 11:45:00
17.65;2024-04-05 11:50:00
17.635;2024-04-05 11:55:00
17.66;2024-04-05 12:00:00
17.635;2024-04-05 12:05:00
17.64;2024-04-05 12:10:00
17.545;2024-04-05 12:15:00
17.5;2024-04-05 12:20:00
17.525;2024-04-05 12:25:00
17.485;2024-04-05 12:30:00
17.48;2024-04-05 12:35:00
17.465;2024-04-05 12:40:00
17.47;2024-04-05 12:45:00
17.445;2024-04-05 12:50:00
17.5;2024-04-05 12:55:00
17.51;2024-04-05 13:00:00
17.46;2024-04-05 13:05:00
17.46;2024-04-05 13:10:00
17.44;2024-04-05 13:15:00
17.47;2024-04-05 13:20:00
17.44;2024-04-05 13:25:00
17.465;2024-04-05 13:30:00
17.5;2024-04-05 13:35:00
17.52;2024-04-05 13:40:00
17.495;2024-04-05 13:45:00
17.45;2024-04-05 13:50:00
17.465;2024-04-05 13:55:00
17.495;2024-04-05 14:00:00
17.465;2024-04-05 14:05:00
17.43;2024-04-05 14:10:00
17.49;2024-04-05 14:15:00
17.48;2024-04-05 14:20:00
17.48;2024-04-05 14:25:00
17.545;2024-04-05 14:30:00
17.55;2024-04-05 14:35:00
17.535;2024-04-05 14:40:00
17.45;2024-04-05 14:45:00
17.43;2024-04-05 14:50:00
17.455;2024-04-05 14:55:00
17.425;2024-04-05 15:00:00
17.37;2024-04-05 15:05:00
17.42;2024-04-05 15:10:00
17.355;2024-04-05 15:15:00
17.35;2024-04-05 15:20:00
17.345;2024-04-05 15:25:00
17.32;2024-04-05 15:30:00
17.315;2024-04-05 15:35:00
17.35;2024-04-05 15:40:00
17.325;2024-04-05 15:45:00
17.35;2024-04-05 15:50:00
17.38;2024-04-05 15:55:00
17.355;2024-04-05 16:00:00
17.32;2024-04-05 16:05:00
17.34;2024-04-05 16:10:00
17.33;2024-04-05 16:15:00
17.335;2024-04-05 16:20:00
17.34;2024-04-05 16:25:00
17.4;2024-04-05 16:30:00
17.395;2024-04-05 16:35:00
17.41;2024-04-05 16:40:00
17.45;2024-04-05 16:45:00
17.54;2024-04-08 09:00:00
17.47;2024-04-08 09:05:00
17.515;2024-04-08 09:10:00
17.515;2024-04-08 09:15:00
17.535;2024-04-08 09:20:00
17.535;2024-04-08 09:25:00
17.51;2024-04-08 09:30:00
17.62;2024-04-08 09:35:00
17.605;2024-04-08 09:40:00
17.645;2024-04-08 09:45:00
17.59;2024-04-08 09:50:00
17.535;2024-04-08 09:55:00
17.545;2024-04-08 10:00:00
17.63;2024-04-08 10:05:00
17.645;2024-04-08 10:10:00
17.7;2024-04-08 10:15:00
17.67;2024-04-08 10:20:00
17.735;2024-04-08 10:25:00
17.755;2024-04-08 10:30:00
17.705;2024-04-08 10:35:00
17.7;2024-04-08 10:40:00
17.695;2024-04-08 10:45:00
17.66;2024-04-08 10:50:00
17.645;2024-04-08 10:55:00
17.695;2024-04-08 11:00:00
17.72;2024-04-08 11:05:00
17.705;2024-04-08 11:10:00
17.7;2024-04-08 11:15:00
17.72;2024-04-08 11:20:00
17.68;2024-04-08 11:25:00
17.65;2024-04-08 11:30:00
17.67;2024-04-08 11:35:00
17.73;2024-04-08 11:40:00
17.71;2024-04-08 11:45:00
17.655;2024-04-08 11:50:00
17.65;2024-04-08 11:55:00
17.6;2024-04-08 12:00:00
17.6;2024-04-08 12:05:00
17.59;2024-04-08 12:10:00
17.625;2024-04-08 12:15:00
17.63;2024-04-08 12:20:00
17.62;2024-04-08 12:25:00
17.615;2024-04-08 12:30:00
17.595;2024-04-08 12:35:00
17.625;2024-04-08 12:40:00
17.64;2024-04-08 12:45:00
17.645;2024-04-08 12:50:00
17.645;2024-04-08 12:55:00
17.6;2024-04-08 13:00:00
17.61;2024-04-08 13:05:00
17.61;2024-04-08 13:10:00
17.6;2024-04-08 13:15:00
17.605;2024-04-08 13:20:00
17.62;2024-04-08 13:25:00
17.61;2024-04-08 13:30:00
17.595;2024-04-08 13:35:00
17.6;2024-04-08 13:40:00
17.56;2024-04-08 13:45:00
17.57;2024-04-08 13:50:00
17.61;2024-04-08 13:55:00
17.61;2024-04-08 14:00:00
17.61;2024-04-08 14:05:00
17.62;2024-04-08 14:10:00
17.655;2024-04-08 14:15:00
17.635;2024-04-08 14:20:00
17.665;2024-04-08 14:25:00
17.685;2024-04-08 14:30:00
17.705;2024-04-08 14:35:00
17.7;2024-04-08 14:40:00
17.69;2024-04-08 14:45:00
17.665;2024-04-08 14:50:00
17.69;2024-04-08 14:55:00
17.695;2024-04-08 15:00:00
17.665;2024-04-08 15:05:00
17.67;2024-04-08 15:10:00
17.67;2024-04-08 15:15:00
17.695;2024-04-08 15:20:00
17.685;2024-04-08 15:25:00
17.685;2024-04-08 15:30:00
17.665;2024-04-08 15:35:00
17.75;2024-04-08 15:40:00
17.815;2024-04-08 15:45:00
17.825;2024-04-08 15:50:00
17.77;2024-04-08 15:55:00
17.745;2024-04-08 16:00:00
17.8;2024-04-08 16:05:00
17.805;2024-04-08 16:10:00
17.775;2024-04-08 16:15:00
17.815;2024-04-08 16:20:00
17.815;2024-04-08 16:25:00
17.795;2024-04-08 16:30:00
17.82;2024-04-08 16:35:00
17.785;2024-04-08 16:40:00
17.85;2024-04-08 16:45:00
17.865;2024-04-09 09:00:00
17.825;2024-04-09 09:05:00
17.775;2024-04-09 09:10:00
17.795;2024-04-09 09:15:00
17.825;2024-04-09 09:20:00
17.9;2024-04-09 09:25:00
17.9;2024-04-09 09:30:00
18.015;2024-04-09 09:35:00
17.99;2024-04-09 09:40:00
18.08;2024-04-09 09:45:00
18.15;2024-04-09 09:50:00
18.12;2024-04-09 09:55:00
18.21;2024-04-09 10:00:00
18.3;2024-04-09 10:05:00
18.39;2024-04-09 10:10:00
18.41;2024-04-09 10:15:00
18.46;2024-04-09 10:20:00
18.575;2024-04-09 10:25:00
18.49;2024-04-09 10:30:00
18.475;2024-04-09 10:35:00
18.585;2024-04-09 10:40:00
18.65;2024-04-09 10:45:00
18.67;2024-04-09 10:50:00
18.695;2024-04-09 10:55:00
18.69;2024-04-09 11:00:00
18.65;2024-04-09 11:05:00
18.655;2024-04-09 11:10:00
18.67;2024-04-09 11:15:00
18.59;2024-04-09 11:20:00
18.56;2024-04-09 11:25:00
18.585;2024-04-09 11:30:00
18.535;2024-04-09 11:35:00
18.555;2024-04-09 11:40:00
18.575;2024-04-09 11:45:00
18.53;2024-04-09 11:50:00
18.525;2024-04-09 11:55:00
18.54;2024-04-09 12:00:00
18.52;2024-04-09 12:05:00
18.575;2024-04-09 12:10:00
18.535;2024-04-09 12:15:00
18.515;2024-04-09 12:20:00
18.525;2024-04-09 12:25:00
18.5;2024-04-09 12:30:00
18.44;2024-04-09 12:35:00
18.43;2024-04-09 12:40:00
18.485;2024-04-09 12:45:00
18.465;2024-04-09 12:50:00
18.49;2024-04-09 12:55:00
18.49;2024-04-09 13:00:00
18.555;2024-04-09 13:05:00
18.555;2024-04-09 13:10:00
18.52;2024-04-09 13:15:00
18.575;2024-04-09 13:20:00
18.48;2024-04-09 13:25:00
18.475;2024-04-09 13:30:00
18.47;2024-04-09 13:35:00
18.465;2024-04-09 13:40:00
18.48;2024-04-09 13:45:00
18.475;2024-04-09 13:50:00
18.515;2024-04-09 13:55:00
18.51;2024-04-09 14:00:00
18.49;2024-04-09 14:05:00
18.475;2024-04-09 14:10:00
18.44;2024-04-09 14:15:00
18.44;2024-04-09 14:20:00
18.435;2024-04-09 14:25:00
18.475;2024-04-09 14:30:00
18.48;2024-04-09 14:35:00
18.515;2024-04-09 14:40:00
18.475;2024-04-09 14:45:00
18.48;2024-04-09 14:50:00
18.5;2024-04-09 14:55:00
18.48;2024-04-09 15:00:00
18.48;2024-04-09 15:05:00
18.5;2024-04-09 15:10:00
18.495;2024-04-09 15:15:00
18.47;2024-04-09 15:20:00
18.445;2024-04-09 15:25:00
18.31;2024-04-09 15:30:00
18.4;2024-04-09 15:35:00
18.37;2024-04-09 15:40:00
18.41;2024-04-09 15:45:00
18.47;2024-04-09 15:50:00
18.5;2024-04-09 15:55:00
18.51;2024-04-09 16:00:00
18.52;2024-04-09 16:05:00
18.49;2024-04-09 16:10:00
18.415;2024-04-09 16:15:00
18.345;2024-04-09 16:20:00
18.295;2024-04-09 16:25:00
18.27;2024-04-09 16:30:00
18.26;2024-04-09 16:35:00
18.21;2024-04-09 16:40:00
18.145;2024-04-09 16:45:00
18.49;2024-04-10 09:00:00
18.385;2024-04-10 09:05:00
18.21;2024-04-10 09:10:00
18.19;2024-04-10 09:15:00
18.225;2024-04-10 09:20:00
18.34;2024-04-10 09:25:00
18.365;2024-04-10 09:30:00
18.345;2024-04-10 09:35:00
18.29;2024-04-10 09:40:00
18.28;2024-04-10 09:45:00
18.25;2024-04-10 09:50:00
18.26;2024-04-10 09:55:00
18.275;2024-04-10 10:00:00
18.295;2024-04-10 10:05:00
18.33;2024-04-10 10:10:00
18.42;2024-04-10 10:15:00
18.5;2024-04-10 10:20:00
18.475;2024-04-10 10:25:00
18.395;2024-04-10 10:30:00
18.43;2024-04-10 10:35:00
18.435;2024-04-10 10:40:00
18.455;2024-04-10 10:45:00
18.49;2024-04-10 10:50:00
18.47;2024-04-10 10:55:00
18.415;2024-04-10 11:00:00
18.405;2024-04-10 11:05:00
18.35;2024-04-10 11:10:00
18.395;2024-04-10 11:15:00
18.365;2024-04-10 11:20:00
18.35;2024-04-10 11:25:00
18.385;2024-04-10 11:30:00
18.3;2024-04-10 11:35:00
18.31;2024-04-10 11:40:00
18.315;2024-04-10 11:45:00
18.32;2024-04-10 11:50:00
18.33;2024-04-10 11:55:00
18.365;2024-04-10 12:00:00
18.3;2024-04-10 12:05:00
18.285;2024-04-10 12:10:00
18.285;2024-04-10 12:15:00
18.25;2024-04-10 12:20:00
18.225;2024-04-10 12:25:00
18.26;2024-04-10 12:30:00
18.29;2024-04-10 12:35:00
18.25;2024-04-10 12:40:00
18.295;2024-04-10 12:45:00
18.365;2024-04-10 12:50:00
18.37;2024-04-10 12:55:00
18.365;2024-04-10 13:00:00
18.385;2024-04-10 13:05:00
18.37;2024-04-10 13:10:00
18.4;2024-04-10 13:15:00
18.425;2024-04-10 13:20:00
18.445;2024-04-10 13:25:00
18.44;2024-04-10 13:30:00
18.445;2024-04-10 13:35:00
18.425;2024-04-10 13:40:00
18.44;2024-04-10 13:45:00
18.49;2024-04-10 13:50:00
18.435;2024-04-10 13:55:00
18.4;2024-04-10 14:00:00
18.41;2024-04-10 14:05:00
18.4;2024-04-10 14:10:00
18.375;2024-04-10 14:15:00
18.385;2024-04-10 14:20:00
18.4;2024-04-10 14:25:00
18.185;2024-04-10 14:30:00
18.175;2024-04-10 14:35:00
18.065;2024-04-10 14:40:00
18.135;2024-04-10 14:45:00
18.11;2024-04-10 14:50:00
18.16;2024-04-10 14:55:00
18.1;2024-04-10 15:00:00
18.145;2024-04-10 15:05:00
18.075;2024-04-10 15:10:00
18.045;2024-04-10 15:15:00
18.06;2024-04-10 15:20:00
18.1;2024-04-10 15:25:00
18.1;2024-04-10 15:30:00
18.085;2024-04-10 15:35:00
18.135;2024-04-10 15:40:00
18.115;2024-04-10 15:45:00
18.095;2024-04-10 15:50:00
18.16;2024-04-10 15:55:00
18.11;2024-04-10 16:00:00
18.22;2024-04-10 16:05:00
18.16;2024-04-10 16:10:00
18.3;2024-04-10 16:15:00
18.315;2024-04-10 16:20:00
18.285;2024-04-10 16:25:00
18.32;2024-04-10 16:30:00
18.285;2024-04-10 16:35:00
18.275;2024-04-10 16:40:00
18.25;2024-04-10 16:45:00
18.85;2024-04-11 09:00:00
18.7;2024-04-11 09:05:00
18.74;2024-04-11 09:10:00
18.77;2024-04-11 09:15:00
18.685;2024-04-11 09:20:00
18.575;2024-04-11 09:25:00
18.625;2024-04-11 09:30:00
18.55;2024-04-11 09:35:00
18.7;2024-04-11 09:40:00
18.72;2024-04-11 09:45:00
18.655;2024-04-11 09:50:00
18.7;2024-04-11 09:55:00
18.715;2024-04-11 10:00:00
18.73;2024-04-11 10:05:00
18.76;2024-04-11 10:10:00
18.845;2024-04-11 10:15:00
18.915;2024-04-11 10:20:00
18.965;2024-04-11 10:25:00
19.0;2024-04-11 10:30:00
18.885;2024-04-11 10:35:00
18.865;2024-04-11 10:40:00
18.83;2024-04-11 10:45:00
18.775;2024-04-11 10:50:00
18.725;2024-04-11 10:55:00
18.7;2024-04-11 11:00:00
18.72;2024-04-11 11:05:00
18.705;2024-04-11 11:10:00
18.75;2024-04-11 11:15:00
18.75;2024-04-11 11:20:00
18.815;2024-04-11 11:25:00
18.855;2024-04-11 11:30:00
18.835;2024-04-11 11:35:00
18.855;2024-04-11 11:40:00
18.88;2024-04-11 11:45:00
18.755;2024-04-11 11:50:00
18.72;2024-04-11 11:55:00
18.595;2024-04-11 12:00:00
18.62;2024-04-11 12:05:00
18.645;2024-04-11 12:10:00
18.63;2024-04-11 12:15:00
18.615;2024-04-11 12:20:00
18.58;2024-04-11 12:25:00
18.57;2024-04-11 12:30:00
18.55;2024-04-11 12:35:00
18.635;2024-04-11 12:40:00
18.64;2024-04-11 12:45:00
18.645;2024-04-11 12:50:00
18.62;2024-04-11 12:55:00
18.65;2024-04-11 13:00:00
18.58;2024-04-11 13:05:00
18.6;2024-04-11 13:10:00
18.6;2024-04-11 13:15:00
18.625;2024-04-11 13:20:00
18.625;2024-04-11 13:25:00
18.625;2024-04-11 13:30:00
18.635;2024-04-11 13:35:00
18.585;2024-04-11 13:40:00
18.59;2024-04-11 13:45:00
18.61;2024-04-11 13:50:00
18.565;2024-04-11 13:55:00
18.59;2024-04-11 14:00:00
18.61;2024-04-11 14:05:00
18.635;2024-04-11 14:10:00
18.615;2024-04-11 14:15:00
18.63;2024-04-11 14:20:00
18.63;2024-04-11 14:25:00
18.77;2024-04-11 14:30:00
18.835;2024-04-11 14:35:00
18.86;2024-04-11 14:40:00
18.95;2024-04-11 14:45:00
18.845;2024-04-11 14:50:00
18.815;2024-04-11 14:55:00
18.795;2024-04-11 15:00:00
18.835;2024-04-11 15:05:00
18.875;2024-04-11 15:10:00
18.945;2024-04-11 15:15:00
18.9;2024-04-11 15:20:00
18.885;2024-04-11 15:25:00
18.845;2024-04-11 15:30:00
18.81;2024-04-11 15:35:00
18.765;2024-04-11 15:40:00
18.81;2024-04-11 15:45:00
18.83;2024-04-11 15:50:00
18.78;2024-04-11 15:55:00
18.755;2024-04-11 16:00:00
18.78;2024-04-11 16:05:00
18.77;2024-04-11 16:10:00
18.665;2024-04-11 16:15:00
18.685;2024-04-11 16:20:00
18.72;2024-04-11 16:25:00
18.76;2024-04-11 16:30:00
18.765;2024-04-11 16:35:00
18.78;2024-04-11 16:40:00
18.825;2024-04-11 16:45:00
19.05;2024-04-12 09:00:00
19.04;2024-04-12 09:05:00
18.97;2024-04-12 09:10:00
19.02;2024-04-12 09:15:00
18.92;2024-04-12 09:20:00
18.895;2024-04-12 09:25:00
18.795;2024-04-12 09:30:00
18.815;2024-04-12 09:35:00
18.775;2024-04-12 09:40:00
18.82;2024-04-12 09:45:00
18.795;2024-04-12 09:50:00
18.7;2024-04-12 09:55:00
18.715;2024-04-12 10:00:00
18.71;2024-04-12 10:05:00
18.7;2024-04-12 10:10:00
18.675;2024-04-12 10:15:00
18.65;2024-04-12 10:20:00
18.6;2024-04-12 10:25:00
18.625;2024-04-12 10:30:00
18.66;2024-04-12 10:35:00
18.625;2024-04-12 10:40:00
18.71;2024-04-12 10:45:00
18.74;2024-04-12 10:50:00
18.9;2024-04-12 10:55:00
18.92;2024-04-12 11:00:00
19.005;2024-04-12 11:05:00
18.97;2024-04-12 11:10:00
19.01;2024-04-12 11:15:00
19.01;2024-04-12 11:20:00
19.035;2024-04-12 11:25:00
19.005;2024-04-12 11:30:00
19.035;2024-04-12 11:35:00
19.05;2024-04-12 11:40:00
19.05;2024-04-12 11:45:00
19.13;2024-04-12 11:50:00
19.155;2024-04-12 11:55:00
19.14;2024-04-12 12:00:00
19.135;2024-04-12 12:05:00
19.18;2024-04-12 12:10:00
19.14;2024-04-12 12:15:00
19.135;2024-04-12 12:20:00
19.165;2024-04-12 12:25:00
19.155;2024-04-12 12:30:00
19.195;2024-04-12 12:35:00
19.275;2024-04-12 12:40:00
19.35;2024-04-12 12:45:00
19.33;2024-04-12 12:50:00
19.3;2024-04-12 12:55:00
19.3;2024-04-12 13:00:00
19.295;2024-04-12 13:05:00
19.35;2024-04-12 13:10:00
19.325;2024-04-12 13:15:00
19.32;2024-04-12 13:20:00
19.295;2024-04-12 13:25:00
19.285;2024-04-12 13:30:00
19.3;2024-04-12 13:35:00
19.305;2024-04-12 13:40:00
19.305;2024-04-12 13:45:00
19.32;2024-04-12 13:50:00
19.305;2024-04-12 13:55:00
19.3;2024-04-12 14:00:00
19.285;2024-04-12 14:05:00
19.28;2024-04-12 14:10:00
19.26;2024-04-12 14:15:00
19.21;2024-04-12 14:20:00
19.22;2024-04-12 14:25:00
19.105;2024-04-12 14:30:00
19.095;2024-04-12 14:35:00
19.095;2024-04-12 14:40:00
19.145;2024-04-12 14:45:00
19.145;2024-04-12 14:50:00
19.14;2024-04-12 14:55:00
19.155;2024-04-12 15:00:00
19.29;2024-04-12 15:05:00
19.28;2024-04-12 15:10:00
19.24;2024-04-12 15:15:00
19.27;2024-04-12 15:20:00
19.255;2024-04-12 15:25:00
19.23;2024-04-12 15:30:00
19.255;2024-04-12 15:35:00
19.24;2024-04-12 15:40:00
19.245;2024-04-12 15:45:00
19.31;2024-04-12 15:50:00
19.325;2024-04-12 15:55:00
19.285;2024-04-12 16:00:00
19.225;2024-04-12 16:05:00
19.265;2024-04-12 16:10:00
19.3;2024-04-12 16:15:00
19.245;2024-04-12 16:20:00
19.3;2024-04-12 16:25:00
19.2;2024-04-12 16:30:00
19.18;2024-04-12 16:35:00
19.17;2024-04-12 16:40:00
19.1;2024-04-12 16:45:00
19.25;2024-04-15 09:00:00
19.165;2024-04-15 09:05:00
19.01;2024-04-15 09:10:00
18.83;2024-04-15 09:15:00
18.8;2024-04-15 09:20:00
18.775;2024-04-15 09:25:00
18.895;2024-04-15 09:30:00
18.965;2024-04-15 09:35:00
18.87;2024-04-15 09:40:00
18.78;2024-04-15 09:45:00
18.785;2024-04-15 09:50:00
18.66;2024-04-15 09:55:00
18.685;2024-04-15 10:00:00
18.71;2024-04-15 10:05:00
18.71;2024-04-15 10:10:00
18.635;2024-04-15 10:15:00
18.63;2024-04-15 10:20:00
18.63;2024-04-15 10:25:00
18.7;2024-04-15 10:30:00
18.755;2024-04-15 10:35:00
18.74;2024-04-15 10:40:00
18.745;2024-04-15 10:45:00
18.645;2024-04-15 10:50:00
18.62;2024-04-15 10:55:00
18.63;2024-04-15 11:00:00
18.64;2024-04-15 11:05:00
18.615;2024-04-15 11:10:00
18.7;2024-04-15 11:15:00
18.675;2024-04-15 11:20:00
18.69;2024-04-15 11:25:00
18.69;2024-04-15 11:30:00
18.75;2024-04-15 11:35:00
18.745;2024-04-15 11:40:00
18.685;2024-04-15 11:45:00
18.67;2024-04-15 11:50:00
18.67;2024-04-15 11:55:00
18.705;2024-04-15 12:00:00
18.705;2024-04-15 12:05:00
18.695;2024-04-15 12:10:00
18.685;2024-04-15 12:15:00
18.695;2024-04-15 12:20:00
18.705;2024-04-15 12:25:00
18.685;2024-04-15 12:30:00
18.715;2024-04-15 12:35:00
18.715;2024-04-15 12:40:00
18.705;2024-04-15 12:45:00
18.745;2024-04-15 12:50:00
18.745;2024-04-15 12:55:00
18.765;2024-04-15 13:00:00
18.74;2024-04-15 13:05:00
18.755;2024-04-15 13:10:00
18.785;2024-04-15 13:15:00
18.79;2024-04-15 13:20:00
18.81;2024-04-15 13:25:00
18.81;2024-04-15 13:30:00
18.775;2024-04-15 13:35:00
18.755;2024-04-15 13:40:00
18.725;2024-04-15 13:45:00
18.71;2024-04-15 13:50:00
18.695;2024-04-15 13:55:00
18.695;2024-04-15 14:00:00
18.69;2024-04-15 14:05:00
18.73;2024-04-15 14:10:00
18.73;2024-04-15 14:15:00
18.77;2024-04-15 14:20:00
18.805;2024-04-15 14:25:00
18.96;2024-04-15 14:30:00
19.06;2024-04-15 14:35:00
19.255;2024-04-15 14:40:00
19.365;2024-04-15 14:45:00
19.605;2024-04-15 14:50:00
19.68;2024-04-15 14:55:00
19.695;2024-04-15 15:00:00
20.09;2024-04-15 15:05:00
20.01;2024-04-15 15:10:00
19.875;2024-04-15 15:15:00
20.0;2024-04-15 15:20:00
19.92;2024-04-15 15:25:00
19.87;2024-04-15 15:30:00
19.89;2024-04-15 15:35:00
19.88;2024-04-15 15:40:00
19.89;2024-04-15 15:45:00
19.865;2024-04-15 15:50:00
19.84;2024-04-15 15:55:00
19.81;2024-04-15 16:00:00
19.76;2024-04-15 16:05:00
19.76;2024-04-15 16:10:00
19.795;2024-04-15 16:15:00
19.775;2024-04-15 16:20:00
19.685;2024-04-15 16:25:00
19.7;2024-04-15 16:30:00
19.555;2024-04-15 16:35:00
19.475;2024-04-15 16:40:00
19.54;2024-04-15 16:45:00
19.255;2024-04-16 09:00:00
19.155;2024-04-16 09:05:00
19.12;2024-04-16 09:10:00
19.065;2024-04-16 09:15:00
18.935;2024-04-16 09:20:00
18.93;2024-04-16 09:25:00
18.94;2024-04-16 09:30:00
19.045;2024-04-16 09:35:00
19.04;2024-04-16 09:40:00
18.95;2024-04-16 09:45:00
18.995;2024-04-16 09:50:00
19.01;2024-04-16 09:55:00
19.135;2024-04-16 10:00:00
19.145;2024-04-16 10:05:00
19.065;2024-04-16 10:10:00
19.01;2024-04-16 10:15:00
19.04;2024-04-16 10:20:00
19.035;2024-04-16 10:25:00
19.135;2024-04-16 10:30:00
19.24;2024-04-16 10:35:00
19.21;2024-04-16 10:40:00
19.2;2024-04-16 10:45:00
19.19;2024-04-16 10:50:00
19.165;2024-04-16 10:55:00
19.25;2024-04-16 11:00:00
19.335;2024-04-16 11:05:00
19.32;2024-04-16 11:10:00
19.34;2024-04-16 11:15:00
19.225;2024-04-16 11:20:00
19.3;2024-04-16 11:25:00
19.38;2024-04-16 11:30:00
19.505;2024-04-16 11:35:00
19.48;2024-04-16 11:40:00
19.485;2024-04-16 11:45:00
19.505;2024-04-16 11:50:00
19.45;2024-04-16 11:55:00
19.515;2024-04-16 12:00:00
19.505;2024-04-16 12:05:00
19.5;2024-04-16 12:10:00
19.505;2024-04-16 12:15:00
19.435;2024-04-16 12:20:00
19.47;2024-04-16 12:25:00
19.51;2024-04-16 12:30:00
19.495;2024-04-16 12:35:00
19.53;2024-04-16 12:40:00
19.53;2024-04-16 12:45:00
19.51;2024-04-16 12:50:00
19.525;2024-04-16 12:55:00
19.52;2024-04-16 13:00:00
19.54;2024-04-16 13:05:00
19.55;2024-04-16 13:10:00
19.54;2024-04-16 13:15:00
19.49;2024-04-16 13:20:00
19.5;2024-04-16 13:25:00
19.485;2024-04-16 13:30:00
19.485;2024-04-16 13:35:00
19.43;2024-04-16 13:40:00
19.4;2024-04-16 13:45:00
19.36;2024-04-16 13:50:00
19.33;2024-04-16 13:55:00
19.255;2024-04-16 14:00:00
19.265;2024-04-16 14:05:00
19.185;2024-04-16 14:10:00
19.17;2024-04-16 14:15:00
19.145;2024-04-16 14:20:00
19.085;2024-04-16 14:25:00
19.16;2024-04-16 14:30:00
19.1;2024-04-16 14:35:00
19.08;2024-04-16 14:40:00
19.07;2024-04-16 14:45:00
19.02;2024-04-16 14:50:00
18.995;2024-04-16 14:55:00
18.875;2024-04-16 15:00:00
18.87;2024-04-16 15:05:00
18.865;2024-04-16 15:10:00
18.89;2024-04-16 15:15:00
18.995;2024-04-16 15:20:00
19.025;2024-04-16 15:25:00
18.965;2024-04-16 15:30:00
18.94;2024-04-16 15:35:00
18.865;2024-04-16 15:40:00
18.855;2024-04-16 15:45:00
18.84;2024-04-16 15:50:00
18.915;2024-04-16 15:55:00
18.91;2024-04-16 16:00:00
18.96;2024-04-16 16:05:00
19.01;2024-04-16 16:10:00
19.01;2024-04-16 16:15:00
19.04;2024-04-16 16:20:00
19.075;2024-04-16 16:25:00
19.115;2024-04-16 16:30:00
19.075;2024-04-16 16:35:00
19.06;2024-04-16 16:40:00
19.04;2024-04-16 16:45:00
19.0;2024-04-16 16:55:00
18.96;2024-04-17 09:00:00
18.695;2024-04-17 09:05:00
18.68;2024-04-17 09:10:00
18.72;2024-04-17 09:15:00
18.66;2024-04-17 09:20:00
18.74;2024-04-17 09:25:00
18.775;2024-04-17 09:30:00
18.75;2024-04-17 09:35:00
18.89;2024-04-17 09:40:00
18.89;2024-04-17 09:45:00
18.845;2024-04-17 09:50:00
18.825;2024-04-17 09:55:00
18.825;2024-04-17 10:00:00
18.745;2024-04-17 10:05:00
18.81;2024-04-17 10:10:00
18.735;2024-04-17 10:15:00
18.76;2024-04-17 10:20:00
18.77;2024-04-17 10:25:00
18.8;2024-04-17 10:30:00
18.9;2024-04-17 10:35:00
18.935;2024-04-17 10:40:00
18.99;2024-04-17 10:45:00
18.975;2024-04-17 10:50:00
19.09;2024-04-17 10:55:00
18.995;2024-04-17 11:00:00
19.035;2024-04-17 11:05:00
18.99;2024-04-17 11:10:00
18.97;2024-04-17 11:15:00
19.03;2024-04-17 11:20:00
19.065;2024-04-17 11:25:00
19.135;2024-04-17 11:30:00
19.13;2024-04-17 11:35:00
19.145;2024-04-17 11:40:00
19.105;2024-04-17 11:45:00
19.015;2024-04-17 11:50:00
18.98;2024-04-17 11:55:00
18.99;2024-04-17 12:00:00
19.035;2024-04-17 12:05:00
19.0;2024-04-17 12:10:00
18.99;2024-04-17 12:15:00
18.95;2024-04-17 12:20:00
18.94;2024-04-17 12:25:00
18.915;2024-04-17 12:30:00
18.91;2024-04-17 12:35:00
18.865;2024-04-17 12:40:00
18.925;2024-04-17 12:45:00
18.895;2024-04-17 12:50:00
18.855;2024-04-17 12:55:00
18.895;2024-04-17 13:00:00
18.9;2024-04-17 13:05:00
18.935;2024-04-17 13:10:00
18.905;2024-04-17 13:15:00
18.895;2024-04-17 13:20:00
18.895;2024-04-17 13:25:00
18.96;2024-04-17 13:30:00
18.965;2024-04-17 13:35:00
18.935;2024-04-17 13:40:00
18.88;2024-04-17 13:45:00
18.875;2024-04-17 13:50:00
18.88;2024-04-17 13:55:00
18.855;2024-04-17 14:00:00
18.825;2024-04-17 14:05:00
18.81;2024-04-17 14:10:00
18.85;2024-04-17 14:15:00
18.79;2024-04-17 14:20:00
18.765;2024-04-17 14:25:00
18.74;2024-04-17 14:30:00
18.785;2024-04-17 14:35:00
18.73;2024-04-17 14:40:00
18.73;2024-04-17 14:45:00
18.705;2024-04-17 14:50:00
18.7;2024-04-17 14:55:00
18.755;2024-04-17 15:00:00
18.74;2024-04-17 15:05:00
18.825;2024-04-17 15:10:00
18.805;2024-04-17 15:15:00
18.895;2024-04-17 15:20:00
18.93;2024-04-17 15:25:00
18.945;2024-04-17 15:30:00
18.925;2024-04-17 15:35:00
18.94;2024-04-17 15:40:00
18.93;2024-04-17 15:45:00
18.925;2024-04-17 15:50:00
18.91;2024-04-17 15:55:00
18.85;2024-04-17 16:00:00
18.81;2024-04-17 16:05:00
18.775;2024-04-17 16:10:00
18.76;2024-04-17 16:15:00
18.765;2024-04-17 16:20:00
18.84;2024-04-17 16:25:00
18.79;2024-04-17 16:30:00
18.88;2024-04-17 16:35:00
18.885;2024-04-17 16:40:00
18.81;2024-04-17 16:45:00
18.755;2024-04-17 16:55:00
18.825;2024-04-18 09:00:00
18.875;2024-04-18 09:05:00
18.955;2024-04-18 09:10:00
19.0;2024-04-18 09:15:00
19.14;2024-04-18 09:20:00
19.215;2024-04-18 09:25:00
19.25;2024-04-18 09:30:00
19.09;2024-04-18 09:35:00
19.05;2024-04-18 09:40:00
19.05;2024-04-18 09:45:00
19.15;2024-04-18 09:50:00
19.095;2024-04-18 09:55:00
19.09;2024-04-18 10:00:00
19.14;2024-04-18 10:05:00
19.07;2024-04-18 10:10:00
19.07;2024-04-18 10:15:00
19.07;2024-04-18 10:20:00
19.035;2024-04-18 10:25:00
18.965;2024-04-18 10:30:00
18.99;2024-04-18 10:35:00
19.005;2024-04-18 10:40:00
19.01;2024-04-18 10:45:00
18.945;2024-04-18 10:50:00
18.975;2024-04-18 10:55:00
19.045;2024-04-18 11:00:00
19.13;2024-04-18 11:05:00
19.175;2024-04-18 11:10:00
19.155;2024-04-18 11:15:00
19.16;2024-04-18 11:20:00
19.12;2024-04-18 11:25:00
19.12;2024-04-18 11:30:00
19.105;2024-04-18 11:35:00
19.125;2024-04-18 11:40:00
19.115;2024-04-18 11:45:00
19.13;2024-04-18 11:50:00
19.115;2024-04-18 11:55:00
19.135;2024-04-18 12:00:00
19.115;2024-04-18 12:05:00
19.185;2024-04-18 12:10:00
19.105;2024-04-18 12:15:00
19.065;2024-04-18 12:20:00
19.11;2024-04-18 12:25:00
19.145;2024-04-18 12:30:00
19.15;2024-04-18 12:35:00
19.19;2024-04-18 12:40:00
19.29;2024-04-18 12:45:00
19.255;2024-04-18 12:50:00
19.165;2024-04-18 12:55:00
19.16;2024-04-18 13:00:00
19.13;2024-04-18 13:05:00
19.11;2024-04-18 13:10:00
19.14;2024-04-18 13:15:00
19.095;2024-04-18 13:20:00
19.12;2024-04-18 13:25:00
19.14;2024-04-18 13:30:00
19.15;2024-04-18 13:35:00
19.11;2024-04-18 13:40:00
19.11;2024-04-18 13:45:00
19.15;2024-04-18 13:50:00
19.1;2024-04-18 13:55:00
19.12;2024-04-18 14:00:00
19.105;2024-04-18 14:05:00
19.06;2024-04-18 14:10:00
19.07;2024-04-18 14:15:00
19.03;2024-04-18 14:20:00
19.0;2024-04-18 14:25:00
18.93;2024-04-18 14:30:00
18.91;2024-04-18 14:35:00
18.885;2024-04-18 14:40:00
18.84;2024-04-18 14:45:00
18.79;2024-04-18 14:50:00
18.765;2024-04-18 14:55:00
18.655;2024-04-18 15:00:00
18.65;2024-04-18 15:05:00
18.55;2024-04-18 15:10:00
18.615;2024-04-18 15:15:00
18.585;2024-04-18 15:20:00
18.61;2024-04-18 15:25:00
18.59;2024-04-18 15:30:00
18.625;2024-04-18 15:35:00
18.61;2024-04-18 15:40:00
18.73;2024-04-18 15:45:00
18.73;2024-04-18 15:50:00
18.82;2024-04-18 15:55:00
18.8;2024-04-18 16:00:00
18.85;2024-04-18 16:05:00
18.85;2024-04-18 16:10:00
18.87;2024-04-18 16:15:00
18.805;2024-04-18 16:20:00
18.78;2024-04-18 16:25:00
18.795;2024-04-18 16:30:00
18.8;2024-04-18 16:35:00
18.84;2024-04-18 16:40:00
18.88;2024-04-18 16:45:00
18.705;2024-04-19 09:00:00
18.7;2024-04-19 09:05:00
18.765;2024-04-19 09:10:00
18.81;2024-04-19 09:15:00
18.76;2024-04-19 09:20:00
18.79;2024-04-19 09:25:00
18.69;2024-04-19 09:30:00
18.725;2024-04-19 09:35:00
18.795;2024-04-19 09:40:00
18.76;2024-04-19 09:45:00
18.785;2024-04-19 09:50:00
18.79;2024-04-19 09:55:00
18.81;2024-04-19 10:00:00
18.79;2024-04-19 10:05:00
18.77;2024-04-19 10:10:00
18.865;2024-04-19 10:15:00
18.81;2024-04-19 10:20:00
18.815;2024-04-19 10:25:00
18.835;2024-04-19 10:30:00
18.79;2024-04-19 10:35:00
18.8;2024-04-19 10:40:00
18.855;2024-04-19 10:45:00
19.045;2024-04-19 10:50:00
19.06;2024-04-19 10:55:00
19.0;2024-04-19 11:00:00
19.095;2024-04-19 11:05:00
19.12;2024-04-19 11:10:00
19.08;2024-04-19 11:15:00
19.005;2024-04-19 11:20:00
19.005;2024-04-19 11:25:00
19.035;2024-04-19 11:30:00
19.005;2024-04-19 11:35:00
19.015;2024-04-19 11:40:00
19.055;2024-04-19 11:45:00
19.035;2024-04-19 11:50:00
19.045;2024-04-19 11:55:00
19.065;2024-04-19 12:00:00
19.095;2024-04-19 12:05:00
19.06;2024-04-19 12:10:00
19.075;2024-04-19 12:15:00
19.07;2024-04-19 12:20:00
19.05;2024-04-19 12:25:00
19.06;2024-04-19 12:30:00
19.02;2024-04-19 12:35:00
19.035;2024-04-19 12:40:00
19.09;2024-04-19 12:45:00
19.105;2024-04-19 12:50:00
19.105;2024-04-19 12:55:00
19.11;2024-04-19 13:00:00
19.08;2024-04-19 13:05:00
19.065;2024-04-19 13:10:00
19.015;2024-04-19 13:15:00
19.05;2024-04-19 13:20:00
19.055;2024-04-19 13:25:00
19.055;2024-04-19 13:30:00
19.06;2024-04-19 13:35:00
19.055;2024-04-19 13:40:00
19.04;2024-04-19 13:45:00
19.025;2024-04-19 13:50:00
19.05;2024-04-19 13:55:00
19.035;2024-04-19 14:00:00
19.02;2024-04-19 14:05:00
19.055;2024-04-19 14:10:00
19.09;2024-04-19 14:15:00
19.095;2024-04-19 14:20:00
19.09;2024-04-19 14:25:00
19.09;2024-04-19 14:30:00
19.06;2024-04-19 14:35:00
19.075;2024-04-19 14:40:00
19.13;2024-04-19 14:45:00
19.14;2024-04-19 14:50:00
19.16;2024-04-19 14:55:00
19.14;2024-04-19 15:00:00
19.08;2024-04-19 15:05:00
19.08;2024-04-19 15:10:00
19.075;2024-04-19 15:15:00
19.09;2024-04-19 15:20:00
19.1;2024-04-19 15:25:00
19.13;2024-04-19 15:30:00
19.085;2024-04-19 15:35:00
19.12;2024-04-19 15:40:00
19.105;2024-04-19 15:45:00
19.09;2024-04-19 15:50:00
19.075;2024-04-19 15:55:00
18.995;2024-04-19 16:00:00
19.025;2024-04-19 16:05:00
18.915;2024-04-19 16:10:00
18.93;2024-04-19 16:15:00
18.94;2024-04-19 16:20:00
18.965;2024-04-19 16:25:00
19.03;2024-04-19 16:30:00
18.995;2024-04-19 16:35:00
19.055;2024-04-19 16:40:00
19.145;2024-04-19 16:45:00
19.35;2024-04-22 09:00:00
19.435;2024-04-22 09:05:00
19.47;2024-04-22 09:10:00
19.46;2024-04-22 09:15:00
19.42;2024-04-22 09:20:00
19.39;2024-04-22 09:25:00
19.425;2024-04-22 09:30:00
19.455;2024-04-22 09:35:00
19.455;2024-04-22 09:40:00
19.45;2024-04-22 09:45:00
19.55;2024-04-22 09:50:00
19.585;2024-04-22 09:55:00
19.59;2024-04-22 10:00:00
19.53;2024-04-22 10:05:00
19.57;2024-04-22 10:10:00
19.61;2024-04-22 10:15:00
19.6;2024-04-22 10:20:00
19.65;2024-04-22 10:25:00
19.755;2024-04-22 10:30:00
19.815;2024-04-22 10:35:00
19.775;2024-04-22 10:40:00
19.835;2024-04-22 10:45:00
19.92;2024-04-22 10:50:00
19.93;2024-04-22 10:55:00
19.995;2024-04-22 11:00:00
20.04;2024-04-22 11:05:00
20.16;2024-04-22 11:10:00
20.2;2024-04-22 11:15:00
20.13;2024-04-22 11:20:00
20.09;2024-04-22 11:25:00
20.14;2024-04-22 11:30:00
20.08;2024-04-22 11:35:00
20.13;2024-04-22 11:40:00
20.12;2024-04-22 11:45:00
20.13;2024-04-22 11:50:00
20.15;2024-04-22 11:55:00
20.09;2024-04-22 12:00:00
19.98;2024-04-22 12:05:00
20.0;2024-04-22 12:10:00
20.0;2024-04-22 12:15:00
19.97;2024-04-22 12:20:00
19.82;2024-04-22 12:25:00
19.795;2024-04-22 12:30:00
19.895;2024-04-22 12:35:00
19.88;2024-04-22 12:40:00
19.935;2024-04-22 12:45:00
19.98;2024-04-22 12:50:00
20.02;2024-04-22 12:55:00
19.97;2024-04-22 13:00:00
19.935;2024-04-22 13:05:00
19.91;2024-04-22 13:10:00
19.935;2024-04-22 13:15:00
19.905;2024-04-22 13:20:00
19.81;2024-04-22 13:25:00
19.815;2024-04-22 13:30:00
19.81;2024-04-22 13:35:00
19.8;2024-04-22 13:40:00
19.795;2024-04-22 13:45:00
19.77;2024-04-22 13:50:00
19.735;2024-04-22 13:55:00
19.725;2024-04-22 14:00:00
19.75;2024-04-22 14:05:00
19.89;2024-04-22 14:10:00
19.84;2024-04-22 14:15:00
19.835;2024-04-22 14:20:00
19.89;2024-04-22 14:25:00
19.93;2024-04-22 14:30:00
19.96;2024-04-22 14:35:00
20.0;2024-04-22 14:40:00
19.99;2024-04-22 14:45:00
19.99;2024-04-22 14:50:00
19.985;2024-04-22 14:55:00
19.98;2024-04-22 15:00:00
20.06;2024-04-22 15:05:00
20.05;2024-04-22 15:10:00
20.04;2024-04-22 15:15:00
20.03;2024-04-22 15:20:00
20.04;2024-04-22 15:25:00
20.01;2024-04-22 15:30:00
20.02;2024-04-22 15:35:00
20.08;2024-04-22 15:40:00
20.05;2024-04-22 15:45:00
20.16;2024-04-22 15:50:00
20.21;2024-04-22 15:55:00
20.26;2024-04-22 16:00:00
20.29;2024-04-22 16:05:00
20.24;2024-04-22 16:10:00
20.2;2024-04-22 16:15:00
20.21;2024-04-22 16:20:00
20.2;2024-04-22 16:25:00
20.21;2024-04-22 16:30:00
20.25;2024-04-22 16:35:00
20.23;2024-04-22 16:40:00
20.24;2024-04-22 16:45:00
20.27;2024-04-22 16:55:00
20.7;2024-04-23 09:00:00
20.51;2024-04-23 09:05:00
20.65;2024-04-23 09:10:00
20.53;2024-04-23 09:15:00
20.52;2024-04-23 09:20:00
20.6;2024-04-23 09:25:00
20.66;2024-04-23 09:30:00
20.64;2024-04-23 09:35:00
20.57;2024-04-23 09:40:00
20.55;2024-04-23 09:45:00
20.59;2024-04-23 09:50:00
20.63;2024-04-23 09:55:00
20.7;2024-04-23 10:00:00
20.62;2024-04-23 10:05:00
20.67;2024-04-23 10:10:00
20.7;2024-04-23 10:15:00
20.6;2024-04-23 10:20:00
20.59;2024-04-23 10:25:00
20.49;2024-04-23 10:30:00
20.43;2024-04-23 10:35:00
20.37;2024-04-23 10:40:00
20.33;2024-04-23 10:45:00
20.34;2024-04-23 10:50:00
20.42;2024-04-23 10:55:00
20.45;2024-04-23 11:00:00
20.37;2024-04-23 11:05:00
20.36;2024-04-23 11:10:00
20.51;2024-04-23 11:15:00
20.54;2024-04-23 11:20:00
20.53;2024-04-23 11:25:00
20.49;2024-04-23 11:30:00
20.45;2024-04-23 11:35:00
20.32;2024-04-23 11:40:00
20.34;2024-04-23 11:45:00
20.33;2024-04-23 11:50:00
20.33;2024-04-23 11:55:00
20.33;2024-04-23 12:00:00
20.33;2024-04-23 12:05:00
20.32;2024-04-23 12:10:00
20.37;2024-04-23 12:15:00
20.31;2024-04-23 12:20:00
20.32;2024-04-23 12:25:00
20.34;2024-04-23 12:30:00
20.27;2024-04-23 12:35:00
20.24;2024-04-23 12:40:00
20.19;2024-04-23 12:45:00
20.37;2024-04-23 12:50:00
20.3;2024-04-23 12:55:00
20.28;2024-04-23 13:00:00
20.31;2024-04-23 13:05:00
20.43;2024-04-23 13:10:00
20.55;2024-04-23 13:15:00
20.48;2024-04-23 13:20:00
20.42;2024-04-23 13:25:00
20.4;2024-04-23 13:30:00
20.37;2024-04-23 13:35:00
20.42;2024-04-23 13:40:00
20.46;2024-04-23 13:45:00
20.53;2024-04-23 13:50:00
20.54;2024-04-23 13:55:00
20.58;2024-04-23 14:00:00
20.5;2024-04-23 14:05:00
20.47;2024-04-23 14:10:00
20.5;2024-04-23 14:15:00
20.44;2024-04-23 14:20:00
20.47;2024-04-23 14:25:00
20.48;2024-04-23 14:30:00
20.56;2024-04-23 14:35:00
20.53;2024-04-23 14:40:00
20.52;2024-04-23 14:45:00
20.46;2024-04-23 14:50:00
20.49;2024-04-23 14:55:00
20.44;2024-04-23 15:00:00
20.43;2024-04-23 15:05:00
20.44;2024-04-23 15:10:00
20.45;2024-04-23 15:15:00
20.43;2024-04-23 15:20:00
20.43;2024-04-23 15:25:00
20.45;2024-04-23 15:30:00
20.39;2024-04-23 15:35:00
20.38;2024-04-23 15:40:00
20.46;2024-04-23 15:45:00
20.54;2024-04-23 15:50:00
20.59;2024-04-23 15:55:00
20.61;2024-04-23 16:00:00
20.65;2024-04-23 16:05:00
20.6;2024-04-23 16:10:00
20.61;2024-04-23 16:15:00
20.61;2024-04-23 16:20:00
20.6;2024-04-23 16:25:00
20.47;2024-04-23 16:30:00
20.44;2024-04-23 16:35:00
20.51;2024-04-23 16:40:00
20.38;2024-04-23 16:45:00
20.47;2024-04-24 09:00:00
20.38;2024-04-24 09:05:00
20.42;2024-04-24 09:10:00
20.29;2024-04-24 09:15:00
20.33;2024-04-24 09:20:00
20.38;2024-04-24 09:25:00
20.46;2024-04-24 09:30:00
20.49;2024-04-24 09:35:00
20.47;2024-04-24 09:40:00
20.46;2024-04-24 09:45:00
20.41;2024-04-24 09:50:00
20.4;2024-04-24 09:55:00
20.35;2024-04-24 10:00:00
20.43;2024-04-24 10:05:00
20.39;2024-04-24 10:10:00
20.31;2024-04-24 10:15:00
20.37;2024-04-24 10:20:00
20.34;2024-04-24 10:25:00
20.34;2024-04-24 10:30:00
20.38;2024-04-24 10:35:00
20.4;2024-04-24 10:40:00
20.37;2024-04-24 10:45:00
20.51;2024-04-24 10:50:00
20.45;2024-04-24 10:55:00
20.53;2024-04-24 11:00:00
20.59;2024-04-24 11:05:00
20.72;2024-04-24 11:10:00
20.74;2024-04-24 11:15:00
20.64;2024-04-24 11:20:00
20.62;2024-04-24 11:25:00
20.65;2024-04-24 11:30:00
20.58;2024-04-24 11:35:00
20.57;2024-04-24 11:40:00
20.56;2024-04-24 11:45:00
20.68;2024-04-24 11:50:00
20.59;2024-04-24 11:55:00
20.58;2024-04-24 12:00:00
20.63;2024-04-24 12:05:00
20.61;2024-04-24 12:10:00
20.57;2024-04-24 12:15:00
20.6;2024-04-24 12:20:00
20.59;2024-04-24 12:25:00
20.59;2024-04-24 12:30:00
20.56;2024-04-24 12:35:00
20.49;2024-04-24 12:40:00
20.46;2024-04-24 12:45:00
20.42;2024-04-24 12:50:00
20.4;2024-04-24 12:55:00
20.4;2024-04-24 13:00:00
20.36;2024-04-24 13:05:00
20.38;2024-04-24 13:10:00
20.31;2024-04-24 13:15:00
20.32;2024-04-24 13:20:00
20.3;2024-04-24 13:25:00
20.24;2024-04-24 13:30:00
20.24;2024-04-24 13:35:00
20.24;2024-04-24 13:40:00
20.22;2024-04-24 13:45:00
20.21;2024-04-24 13:50:00
20.18;2024-04-24 13:55:00
20.16;2024-04-24 14:00:00
20.2;2024-04-24 14:05:00
20.14;2024-04-24 14:10:00
20.16;2024-04-24 14:15:00
20.15;2024-04-24 14:20:00
20.21;2024-04-24 14:25:00
20.15;2024-04-24 14:30:00
20.12;2024-04-24 14:35:00
20.07;2024-04-24 14:40:00
20.04;2024-04-24 14:45:00
19.955;2024-04-24 14:50:00
19.84;2024-04-24 14:55:00
19.82;2024-04-24 15:00:00
19.875;2024-04-24 15:05:00
19.89;2024-04-24 15:10:00
19.88;2024-04-24 15:15:00
20.01;2024-04-24 15:20:00
20.18;2024-04-24 15:25:00
20.06;2024-04-24 15:30:00
20.0;2024-04-24 15:35:00
20.05;2024-04-24 15:40:00
20.02;2024-04-24 15:45:00
20.06;2024-04-24 15:50:00
20.03;2024-04-24 15:55:00
19.995;2024-04-24 16:00:00
20.01;2024-04-24 16:05:00
19.995;2024-04-24 16:10:00
19.985;2024-04-24 16:15:00
20.02;2024-04-24 16:20:00
20.05;2024-04-24 16:25:00
20.05;2024-04-24 16:30:00
19.99;2024-04-24 16:35:00
19.99;2024-04-24 16:40:00
19.94;2024-04-24 16:45:00
19.84;2024-04-25 09:00:00
19.815;2024-04-25 09:05:00
19.81;2024-04-25 09:10:00
19.875;2024-04-25 09:15:00
19.805;2024-04-25 09:20:00
19.86;2024-04-25 09:25:00
19.94;2024-04-25 09:30:00
19.88;2024-04-25 09:35:00
19.805;2024-04-25 09:40:00
19.835;2024-04-25 09:45:00
19.8;2024-04-25 09:50:00
19.83;2024-04-25 09:55:00
19.845;2024-04-25 10:00:00
19.91;2024-04-25 10:05:00
19.885;2024-04-25 10:10:00
19.935;2024-04-25 10:15:00
20.04;2024-04-25 10:20:00
20.01;2024-04-25 10:25:00
20.15;2024-04-25 10:30:00
20.16;2024-04-25 10:35:00
20.08;2024-04-25 10:40:00
20.02;2024-04-25 10:45:00
20.08;2024-04-25 10:50:00
20.19;2024-04-25 10:55:00
20.25;2024-04-25 11:00:00
20.18;2024-04-25 11:05:00
20.19;2024-04-25 11:10:00
20.2;2024-04-25 11:15:00
20.27;2024-04-25 11:20:00
20.27;2024-04-25 11:25:00
20.22;2024-04-25 11:30:00
20.25;2024-04-25 11:35:00
20.18;2024-04-25 11:40:00
20.19;2024-04-25 11:45:00
20.17;2024-04-25 11:50:00
20.18;2024-04-25 11:55:00
20.19;2024-04-25 12:00:00
20.18;2024-04-25 12:05:00
20.21;2024-04-25 12:10:00
20.2;2024-04-25 12:15:00
20.18;2024-04-25 12:20:00
20.17;2024-04-25 12:25:00
20.16;2024-04-25 12:30:00
20.18;2024-04-25 12:35:00
20.19;2024-04-25 12:40:00
20.15;2024-04-25 12:45:00
20.24;2024-04-25 12:50:00
20.18;2024-04-25 12:55:00
20.2;2024-04-25 13:00:00
20.16;2024-04-25 13:05:00
20.16;2024-04-25 13:10:00
20.19;2024-04-25 13:15:00
20.13;2024-04-25 13:20:00
20.13;2024-04-25 13:25:00
20.16;2024-04-25 13:30:00
20.17;2024-04-25 13:35:00
20.14;2024-04-25 13:40:00
20.2;2024-04-25 13:45:00
20.19;2024-04-25 13:50:00
20.18;2024-04-25 13:55:00
20.19;2024-04-25 14:00:00
20.15;2024-04-25 14:05:00
20.15;2024-04-25 14:10:00
20.11;2024-04-25 14:15:00
20.03;2024-04-25 14:20:00
20.0;2024-04-25 14:25:00
19.94;2024-04-25 14:30:00
19.95;2024-04-25 14:35:00
19.89;2024-04-25 14:40:00
19.825;2024-04-25 14:45:00
19.785;2024-04-25 14:50:00
19.755;2024-04-25 14:55:00
19.645;2024-04-25 15:00:00
19.65;2024-04-25 15:05:00
19.605;2024-04-25 15:10:00
19.41;2024-04-25 15:15:00
19.475;2024-04-25 15:20:00
19.48;2024-04-25 15:25:00
19.44;2024-04-25 15:30:00
19.39;2024-04-25 15:35:00
19.48;2024-04-25 15:40:00
19.31;2024-04-25 15:45:00
19.34;2024-04-25 15:50:00
19.295;2024-04-25 15:55:00
19.17;2024-04-25 16:00:00
19.27;2024-04-25 16:05:00
19.235;2024-04-25 16:10:00
19.34;2024-04-25 16:15:00
19.315;2024-04-25 16:20:00
19.335;2024-04-25 16:25:00
19.35;2024-04-25 16:30:00
19.265;2024-04-25 16:35:00
19.435;2024-04-25 16:40:00
19.43;2024-04-25 16:45:00
19.36;2024-04-25 16:55:00
19.58;2024-04-26 09:00:00
19.495;2024-04-26 09:05:00
19.565;2024-04-26 09:10:00
19.65;2024-04-26 09:15:00
19.535;2024-04-26 09:20:00
19.475;2024-04-26 09:25:00
19.45;2024-04-26 09:30:00
19.5;2024-04-26 09:35:00
19.455;2024-04-26 09:40:00
19.6;2024-04-26 09:45:00
19.565;2024-04-26 09:50:00
19.51;2024-04-26 09:55:00
19.46;2024-04-26 10:00:00
19.35;2024-04-26 10:05:00
19.365;2024-04-26 10:10:00
19.34;2024-04-26 10:15:00
19.34;2024-04-26 10:20:00
19.305;2024-04-26 10:25:00
19.29;2024-04-26 10:30:00
19.32;2024-04-26 10:35:00
19.33;2024-04-26 10:40:00
19.3;2024-04-26 10:45:00
19.295;2024-04-26 10:50:00
19.355;2024-04-26 10:55:00
19.355;2024-04-26 11:00:00
19.33;2024-04-26 11:05:00
19.285;2024-04-26 11:10:00
19.295;2024-04-26 11:15:00
19.265;2024-04-26 11:20:00
19.285;2024-04-26 11:25:00
19.27;2024-04-26 11:30:00
19.27;2024-04-26 11:35:00
19.25;2024-04-26 11:40:00
19.23;2024-04-26 11:45:00
19.245;2024-04-26 11:50:00
19.235;2024-04-26 11:55:00
19.22;2024-04-26 12:00:00
19.24;2024-04-26 12:05:00
19.255;2024-04-26 12:10:00
19.255;2024-04-26 12:15:00
19.22;2024-04-26 12:20:00
19.215;2024-04-26 12:25:00
19.16;2024-04-26 12:30:00
19.15;2024-04-26 12:35:00
19.12;2024-04-26 12:40:00
19.06;2024-04-26 12:45:00
18.995;2024-04-26 12:50:00
18.98;2024-04-26 12:55:00
18.95;2024-04-26 13:00:00
18.94;2024-04-26 13:05:00
18.88;2024-04-26 13:10:00
18.88;2024-04-26 13:15:00
18.885;2024-04-26 13:20:00
19.02;2024-04-26 13:25:00
18.98;2024-04-26 13:30:00
18.96;2024-04-26 13:35:00
18.925;2024-04-26 13:40:00
18.95;2024-04-26 13:45:00
18.975;2024-04-26 13:50:00
18.965;2024-04-26 13:55:00
18.98;2024-04-26 14:00:00
18.945;2024-04-26 14:05:00
18.98;2024-04-26 14:10:00
18.995;2024-04-26 14:15:00
19.125;2024-04-26 14:20:00
19.095;2024-04-26 14:25:00
19.13;2024-04-26 14:30:00
19.08;2024-04-26 14:35:00
18.945;2024-04-26 14:40:00
18.95;2024-04-26 14:45:00
18.965;2024-04-26 14:50:00
18.98;2024-04-26 14:55:00
18.945;2024-04-26 15:00:00
19.02;2024-04-26 15:05:00
19.03;2024-04-26 15:10:00
19.01;2024-04-26 15:15:00
19.025;2024-04-26 15:20:00
19.075;2024-04-26 15:25:00
19.08;2024-04-26 15:30:00
19.08;2024-04-26 15:35:00
19.065;2024-04-26 15:40:00
19.02;2024-04-26 15:45:00
19.115;2024-04-26 15:50:00
19.145;2024-04-26 15:55:00
19.095;2024-04-26 16:00:00
19.11;2024-04-26 16:05:00
19.135;2024-04-26 16:10:00
19.175;2024-04-26 16:15:00
19.155;2024-04-26 16:20:00
19.125;2024-04-26 16:25:00
19.235;2024-04-26 16:30:00
19.285;2024-04-26 16:35:00
19.245;2024-04-26 16:40:00
19.285;2024-04-26 16:45:00
19.43;2024-04-29 09:00:00
19.35;2024-04-29 09:05:00
19.37;2024-04-29 09:10:00
19.235;2024-04-29 09:15:00
19.275;2024-04-29 09:20:00
19.2;2024-04-29 09:25:00
19.165;2024-04-29 09:30:00
19.125;2024-04-29 09:35:00
19.145;2024-04-29 09:40:00
19.155;2024-04-29 09:45:00
19.19;2024-04-29 09:50:00
19.115;2024-04-29 09:55:00
19.1;2024-04-29 10:00:00
19.0;2024-04-29 10:05:00
19.03;2024-04-29 10:10:00
19.015;2024-04-29 10:15:00
19.035;2024-04-29 10:20:00
19.06;2024-04-29 10:25:00
19.0;2024-04-29 10:30:00
19.05;2024-04-29 10:35:00
19.05;2024-04-29 10:40:00
19.005;2024-04-29 10:45:00
19.025;2024-04-29 10:50:00
19.025;2024-04-29 10:55:00
18.99;2024-04-29 11:00:00
18.995;2024-04-29 11:05:00
19.015;2024-04-29 11:10:00
19.005;2024-04-29 11:15:00
19.03;2024-04-29 11:20:00
19.015;2024-04-29 11:25:00
19.005;2024-04-29 11:30:00
18.92;2024-04-29 11:35:00
18.845;2024-04-29 11:40:00
18.865;2024-04-29 11:45:00
18.865;2024-04-29 11:50:00
18.865;2024-04-29 11:55:00
18.905;2024-04-29 12:00:00
18.885;2024-04-29 12:05:00
18.855;2024-04-29 12:10:00
18.89;2024-04-29 12:15:00
18.9;2024-04-29 12:20:00
18.915;2024-04-29 12:25:00
18.91;2024-04-29 12:30:00
18.905;2024-04-29 12:35:00
18.915;2024-04-29 12:40:00
18.865;2024-04-29 12:45:00
18.88;2024-04-29 12:50:00
18.905;2024-04-29 12:55:00
18.89;2024-04-29 13:00:00
18.895;2024-04-29 13:05:00
18.95;2024-04-29 13:10:00
18.93;2024-04-29 13:15:00
18.95;2024-04-29 13:20:00
18.965;2024-04-29 13:25:00
19.025;2024-04-29 13:30:00
19.015;2024-04-29 13:35:00
18.985;2024-04-29 13:40:00
19.005;2024-04-29 13:45:00
18.995;2024-04-29 13:50:00
19.0;2024-04-29 13:55:00
18.99;2024-04-29 14:00:00
19.025;2024-04-29 14:05:00
19.0;2024-04-29 14:10:00
18.99;2024-04-29 14:15:00
19.02;2024-04-29 14:20:00
19.015;2024-04-29 14:25:00
18.975;2024-04-29 14:30:00
18.97;2024-04-29 14:35:00
18.98;2024-04-29 14:40:00
18.945;2024-04-29 14:45:00
18.965;2024-04-29 14:50:00
18.965;2024-04-29 14:55:00
18.955;2024-04-29 15:00:00
19.01;2024-04-29 15:05:00
19.045;2024-04-29 15:10:00
19.115;2024-04-29 15:15:00
19.155;2024-04-29 15:20:00
19.075;2024-04-29 15:25:00
19.095;2024-04-29 15:30:00
19.18;2024-04-29 15:35:00
19.21;2024-04-29 15:40:00
19.27;2024-04-29 15:45:00
19.25;2024-04-29 15:50:00
19.31;2024-04-29 15:55:00
19.24;2024-04-29 16:00:00
19.17;2024-04-29 16:05:00
19.165;2024-04-29 16:10:00
19.2;2024-04-29 16:15:00
19.18;2024-04-29 16:20:00
19.18;2024-04-29 16:25:00
19.48;2024-04-29 16:30:00
19.49;2024-04-29 16:35:00
19.54;2024-04-29 16:40:00
19.5;2024-04-29 16:45:00
19.435;2024-04-30 09:00:00
19.335;2024-04-30 09:05:00
19.4;2024-04-30 09:10:00
19.315;2024-04-30 09:15:00
19.3;2024-04-30 09:20:00
19.245;2024-04-30 09:25:00
19.23;2024-04-30 09:30:00
19.22;2024-04-30 09:35:00
19.19;2024-04-30 09:40:00
19.17;2024-04-30 09:45:00
19.15;2024-04-30 09:50:00
19.185;2024-04-30 09:55:00
19.17;2024-04-30 10:00:00
19.145;2024-04-30 10:05:00
19.15;2024-04-30 10:10:00
19.175;2024-04-30 10:15:00
19.12;2024-04-30 10:20:00
19.28;2024-04-30 10:25:00
19.17;2024-04-30 10:30:00
19.135;2024-04-30 10:35:00
19.16;2024-04-30 10:40:00
19.175;2024-04-30 10:45:00
19.15;2024-04-30 10:50:00
19.155;2024-04-30 10:55:00
19.17;2024-04-30 11:00:00
19.135;2024-04-30 11:05:00
19.11;2024-04-30 11:10:00
19.11;2024-04-30 11:15:00
19.1;2024-04-30 11:20:00
19.07;2024-04-30 11:25:00
19.07;2024-04-30 11:30:00
19.095;2024-04-30 11:35:00
19.12;2024-04-30 11:40:00
19.08;2024-04-30 11:45:00
19.085;2024-04-30 11:50:00
19.13;2024-04-30 11:55:00
19.16;2024-04-30 12:00:00
19.12;2024-04-30 12:05:00
19.16;2024-04-30 12:10:00
19.115;2024-04-30 12:15:00
19.06;2024-04-30 12:20:00
19.07;2024-04-30 12:25:00
19.055;2024-04-30 12:30:00
19.065;2024-04-30 12:35:00
19.055;2024-04-30 12:40:00
19.06;2024-04-30 12:45:00
19.065;2024-04-30 12:50:00
19.055;2024-04-30 12:55:00
19.05;2024-04-30 13:00:00
19.035;2024-04-30 13:05:00
19.04;2024-04-30 13:10:00
19.07;2024-04-30 13:15:00
19.07;2024-04-30 13:20:00
19.1;2024-04-30 13:25:00
19.145;2024-04-30 13:30:00
19.09;2024-04-30 13:35:00
19.085;2024-04-30 13:40:00
19.08;2024-04-30 13:45:00
19.065;2024-04-30 13:50:00
19.07;2024-04-30 13:55:00
19.065;2024-04-30 14:00:00
19.065;2024-04-30 14:05:00
19.065;2024-04-30 14:10:00
19.11;2024-04-30 14:15:00
19.155;2024-04-30 14:20:00
19.145;2024-04-30 14:25:00
19.115;2024-04-30 14:30:00
19.18;2024-04-30 14:35:00
19.175;2024-04-30 14:40:00
19.16;2024-04-30 14:45:00
19.155;2024-04-30 14:50:00
19.155;2024-04-30 14:55:00
19.26;2024-04-30 15:00:00
19.22;2024-04-30 15:05:00
19.21;2024-04-30 15:10:00
19.22;2024-04-30 15:15:00
19.2;2024-04-30 15:20:00
19.225;2024-04-30 15:25:00
19.29;2024-04-30 15:30:00
19.34;2024-04-30 15:35:00
19.34;2024-04-30 15:40:00
19.395;2024-04-30 15:45:00
19.28;2024-04-30 15:50:00
19.26;2024-04-30 15:55:00
19.235;2024-04-30 16:00:00
19.13;2024-04-30 16:05:00
19.135;2024-04-30 16:10:00
19.21;2024-04-30 16:15:00
19.275;2024-04-30 16:20:00
19.285;2024-04-30 16:25:00
19.255;2024-04-30 16:30:00
19.24;2024-04-30 16:35:00
19.205;2024-04-30 16:40:00
19.29;2024-04-30 16:45:00
19.28;2024-05-02 09:00:00
19.37;2024-05-02 09:05:00
19.32;2024-05-02 09:10:00
19.295;2024-05-02 09:15:00
19.195;2024-05-02 09:20:00
19.18;2024-05-02 09:25:00
19.19;2024-05-02 09:30:00
19.2;2024-05-02 09:35:00
19.175;2024-05-02 09:40:00
19.165;2024-05-02 09:45:00
19.1;2024-05-02 09:50:00
19.095;2024-05-02 09:55:00
19.155;2024-05-02 10:00:00
19.23;2024-05-02 10:05:00
19.14;2024-05-02 10:10:00
19.095;2024-05-02 10:15:00
19.08;2024-05-02 10:20:00
19.045;2024-05-02 10:25:00
19.07;2024-05-02 10:30:00
19.06;2024-05-02 10:35:00
19.055;2024-05-02 10:40:00
19.03;2024-05-02 10:45:00
18.965;2024-05-02 10:50:00
18.93;2024-05-02 10:55:00
18.94;2024-05-02 11:00:00
18.935;2024-05-02 11:05:00
18.88;2024-05-02 11:10:00
18.865;2024-05-02 11:15:00
18.9;2024-05-02 11:20:00
18.88;2024-05-02 11:25:00
18.815;2024-05-02 11:30:00
18.875;2024-05-02 11:35:00
18.89;2024-05-02 11:40:00
18.86;2024-05-02 11:45:00
18.85;2024-05-02 11:50:00
18.88;2024-05-02 11:55:00
18.885;2024-05-02 12:00:00
18.875;2024-05-02 12:05:00
18.84;2024-05-02 12:10:00
18.835;2024-05-02 12:15:00
18.785;2024-05-02 12:20:00
18.8;2024-05-02 12:25:00
18.795;2024-05-02 12:30:00
18.8;2024-05-02 12:35:00
18.865;2024-05-02 12:40:00
18.865;2024-05-02 12:45:00
18.865;2024-05-02 12:50:00
18.915;2024-05-02 12:55:00
18.955;2024-05-02 13:00:00
18.945;2024-05-02 13:05:00
18.94;2024-05-02 13:10:00
18.915;2024-05-02 13:15:00
18.905;2024-05-02 13:20:00
18.95;2024-05-02 13:25:00
18.93;2024-05-02 13:30:00
18.935;2024-05-02 13:35:00
18.925;2024-05-02 13:40:00
18.96;2024-05-02 13:45:00
18.975;2024-05-02 13:50:00
18.96;2024-05-02 13:55:00
19.025;2024-05-02 14:00:00
18.995;2024-05-02 14:05:00
19.03;2024-05-02 14:10:00
19.055;2024-05-02 14:15:00
19.09;2024-05-02 14:20:00
19.025;2024-05-02 14:25:00
19.04;2024-05-02 14:30:00
19.05;2024-05-02 14:35:00
19.015;2024-05-02 14:40:00
19.055;2024-05-02 14:45:00
19.03;2024-05-02 14:50:00
19.045;2024-05-02 14:55:00
19.06;2024-05-02 15:00:00
19.065;2024-05-02 15:05:00
19.07;2024-05-02 15:10:00
19.08;2024-05-02 15:15:00
19.115;2024-05-02 15:20:00
19.12;2024-05-02 15:25:00
19.11;2024-05-02 15:30:00
19.13;2024-05-02 15:35:00
19.12;2024-05-02 15:40:00
19.11;2024-05-02 15:45:00
19.035;2024-05-02 15:50:00
19.075;2024-05-02 15:55:00
19.105;2024-05-02 16:00:00
19.01;2024-05-02 16:05:00
19.07;2024-05-02 16:10:00
19.13;2024-05-02 16:15:00
19.15;2024-05-02 16:20:00
19.135;2024-05-02 16:25:00
19.165;2024-05-02 16:30:00
19.2;2024-05-02 16:35:00
19.14;2024-05-02 16:40:00
19.125;2024-05-02 16:45:00
19.19;2024-05-06 09:00:00
19.185;2024-05-06 09:05:00
19.06;2024-05-06 09:10:00
19.15;2024-05-06 09:15:00
19.085;2024-05-06 09:20:00
18.985;2024-05-06 09:25:00
18.99;2024-05-06 09:30:00
18.98;2024-05-06 09:35:00
18.98;2024-05-06 09:40:00
18.99;2024-05-06 09:45:00
19.005;2024-05-06 09:50:00
19.0;2024-05-06 09:55:00
18.995;2024-05-06 10:00:00
19.04;2024-05-06 10:05:00
19.095;2024-05-06 10:10:00
19.065;2024-05-06 10:15:00
19.08;2024-05-06 10:20:00
19.055;2024-05-06 10:25:00
19.07;2024-05-06 10:30:00
19.11;2024-05-06 10:35:00
19.16;2024-05-06 10:40:00
19.13;2024-05-06 10:45:00
19.18;2024-05-06 10:50:00
19.185;2024-05-06 10:55:00
19.245;2024-05-06 11:00:00
19.24;2024-05-06 11:05:00
19.23;2024-05-06 11:10:00
19.315;2024-05-06 11:15:00
19.215;2024-05-06 11:20:00
19.27;2024-05-06 11:25:00
19.33;2024-05-06 11:30:00
19.3;2024-05-06 11:35:00
19.335;2024-05-06 11:40:00
19.4;2024-05-06 11:45:00
19.505;2024-05-06 11:50:00
19.52;2024-05-06 11:55:00
19.62;2024-05-06 12:00:00
19.54;2024-05-06 12:05:00
19.635;2024-05-06 12:10:00
19.66;2024-05-06 12:15:00
19.625;2024-05-06 12:20:00
19.655;2024-05-06 12:25:00
19.595;2024-05-06 12:30:00
19.49;2024-05-06 12:35:00
19.52;2024-05-06 12:40:00
19.53;2024-05-06 12:45:00
19.45;2024-05-06 12:50:00
19.47;2024-05-06 12:55:00
19.55;2024-05-06 13:00:00
19.59;2024-05-06 13:05:00
19.605;2024-05-06 13:10:00
19.585;2024-05-06 13:15:00
19.465;2024-05-06 13:20:00
19.45;2024-05-06 13:25:00
19.445;2024-05-06 13:30:00
19.4;2024-05-06 13:35:00
19.365;2024-05-06 13:40:00
19.335;2024-05-06 13:45:00
19.33;2024-05-06 13:50:00
19.33;2024-05-06 13:55:00
19.36;2024-05-06 14:00:00
19.43;2024-05-06 14:05:00
19.38;2024-05-06 14:10:00
19.38;2024-05-06 14:15:00
19.495;2024-05-06 14:20:00
19.56;2024-05-06 14:25:00
19.525;2024-05-06 14:30:00
19.525;2024-05-06 14:35:00
19.51;2024-05-06 14:40:00
19.47;2024-05-06 14:45:00
19.485;2024-05-06 14:50:00
19.505;2024-05-06 14:55:00
19.575;2024-05-06 15:00:00
19.46;2024-05-06 15:05:00
19.55;2024-05-06 15:10:00
19.485;2024-05-06 15:15:00
19.54;2024-05-06 15:20:00
19.56;2024-05-06 15:25:00
19.515;2024-05-06 15:30:00
19.525;2024-05-06 15:35:00
19.525;2024-05-06 15:40:00
19.575;2024-05-06 15:45:00
19.56;2024-05-06 15:50:00
19.5;2024-05-06 15:55:00
19.51;2024-05-06 16:00:00
19.51;2024-05-06 16:05:00
19.52;2024-05-06 16:10:00
19.575;2024-05-06 16:15:00
19.61;2024-05-06 16:20:00
19.645;2024-05-06 16:25:00
19.62;2024-05-06 16:30:00
19.66;2024-05-06 16:35:00
19.735;2024-05-06 16:40:00
19.66;2024-05-06 16:45:00
19.68;2024-05-06 16:55:00
19.75;2024-05-07 09:00:00
19.895;2024-05-07 09:05:00
19.92;2024-05-07 09:10:00
19.95;2024-05-07 09:15:00
19.735;2024-05-07 09:20:00
19.68;2024-05-07 09:25:00
19.65;2024-05-07 09:30:00
19.635;2024-05-07 09:35:00
19.62;2024-05-07 09:40:00
19.6;2024-05-07 09:45:00
19.655;2024-05-07 09:50:00
19.645;2024-05-07 09:55:00
19.53;2024-05-07 10:00:00
19.55;2024-05-07 10:05:00
19.545;2024-05-07 10:10:00
19.575;2024-05-07 10:15:00
19.625;2024-05-07 10:20:00
19.64;2024-05-07 10:25:00
19.735;2024-05-07 10:30:00
19.74;2024-05-07 10:35:00
19.7;2024-05-07 10:40:00
19.705;2024-05-07 10:45:00
19.58;2024-05-07 10:50:00
19.52;2024-05-07 10:55:00
19.5;2024-05-07 11:00:00
19.57;2024-05-07 11:05:00
19.56;2024-05-07 11:10:00
19.605;2024-05-07 11:15:00
19.58;2024-05-07 11:20:00
19.6;2024-05-07 11:25:00
19.58;2024-05-07 11:30:00
19.595;2024-05-07 11:35:00
19.59;2024-05-07 11:40:00
19.585;2024-05-07 11:45:00
19.565;2024-05-07 11:50:00
19.58;2024-05-07 11:55:00
19.59;2024-05-07 12:00:00
19.575;2024-05-07 12:05:00
19.595;2024-05-07 12:10:00
19.59;2024-05-07 12:15:00
19.595;2024-05-07 12:20:00
19.57;2024-05-07 12:25:00
19.41;2024-05-07 12:30:00
19.4;2024-05-07 12:35:00
19.41;2024-05-07 12:40:00
19.405;2024-05-07 12:45:00
19.44;2024-05-07 12:50:00
19.385;2024-05-07 12:55:00
19.33;2024-05-07 13:00:00
19.32;2024-05-07 13:05:00
19.335;2024-05-07 13:10:00
19.375;2024-05-07 13:15:00
19.36;2024-05-07 13:20:00
19.355;2024-05-07 13:25:00
19.345;2024-05-07 13:30:00
19.36;2024-05-07 13:35:00
19.345;2024-05-07 13:40:00
19.38;2024-05-07 13:45:00
19.45;2024-05-07 13:50:00
19.425;2024-05-07 13:55:00
19.44;2024-05-07 14:00:00
19.44;2024-05-07 14:05:00
19.5;2024-05-07 14:10:00
19.5;2024-05-07 14:15:00
19.46;2024-05-07 14:20:00
19.455;2024-05-07 14:25:00
19.51;2024-05-07 14:30:00
19.55;2024-05-07 14:35:00
19.535;2024-05-07 14:40:00
19.52;2024-05-07 14:45:00
19.49;2024-05-07 14:50:00
19.52;2024-05-07 14:55:00
19.505;2024-05-07 15:00:00
19.515;2024-05-07 15:05:00
19.505;2024-05-07 15:10:00
19.495;2024-05-07 15:15:00
19.54;2024-05-07 15:20:00
19.485;2024-05-07 15:25:00
19.48;2024-05-07 15:30:00
19.485;2024-05-07 15:35:00
19.47;2024-05-07 15:40:00
19.525;2024-05-07 15:45:00
19.515;2024-05-07 15:50:00
19.525;2024-05-07 15:55:00
19.6;2024-05-07 16:00:00
19.57;2024-05-07 16:05:00
19.585;2024-05-07 16:10:00
19.565;2024-05-07 16:15:00
19.515;2024-05-07 16:20:00
19.555;2024-05-07 16:25:00
19.54;2024-05-07 16:30:00
19.59;2024-05-07 16:35:00
19.575;2024-05-07 16:40:00
19.55;2024-05-07 16:45:00
19.44;2024-05-08 09:00:00
19.45;2024-05-08 09:05:00
19.45;2024-05-08 09:10:00
19.43;2024-05-08 09:15:00
19.465;2024-05-08 09:20:00
19.47;2024-05-08 09:25:00
19.445;2024-05-08 09:30:00
19.3;2024-05-08 09:35:00
19.345;2024-05-08 09:40:00
19.29;2024-05-08 09:45:00
19.32;2024-05-08 09:50:00
19.335;2024-05-08 09:55:00
19.265;2024-05-08 10:00:00
19.25;2024-05-08 10:05:00
19.245;2024-05-08 10:10:00
19.205;2024-05-08 10:15:00
19.24;2024-05-08 10:20:00
19.22;2024-05-08 10:25:00
19.21;2024-05-08 10:30:00
19.21;2024-05-08 10:35:00
19.195;2024-05-08 10:40:00
19.185;2024-05-08 10:45:00
19.2;2024-05-08 10:50:00
19.175;2024-05-08 10:55:00
19.15;2024-05-08 11:00:00
19.18;2024-05-08 11:05:00
19.18;2024-05-08 11:10:00
19.2;2024-05-08 11:15:00
19.205;2024-05-08 11:20:00
19.225;2024-05-08 11:25:00
19.215;2024-05-08 11:30:00
19.265;2024-05-08 11:35:00
19.25;2024-05-08 11:40:00
19.245;2024-05-08 11:45:00
19.28;2024-05-08 11:50:00
19.28;2024-05-08 11:55:00
19.25;2024-05-08 12:00:00
19.255;2024-05-08 12:05:00
19.205;2024-05-08 12:10:00
19.2;2024-05-08 12:15:00
19.215;2024-05-08 12:20:00
19.23;2024-05-08 12:25:00
19.22;2024-05-08 12:30:00
19.21;2024-05-08 12:35:00
19.215;2024-05-08 12:40:00
19.21;2024-05-08 12:45:00
19.195;2024-05-08 12:50:00
19.195;2024-05-08 12:55:00
19.18;2024-05-08 13:00:00
19.175;2024-05-08 13:05:00
19.165;2024-05-08 13:10:00
19.165;2024-05-08 13:15:00
19.165;2024-05-08 13:20:00
19.14;2024-05-08 13:25:00
19.14;2024-05-08 13:30:00
19.16;2024-05-08 13:35:00
19.115;2024-05-08 13:40:00
19.135;2024-05-08 13:45:00
19.095;2024-05-08 13:50:00
19.095;2024-05-08 13:55:00
19.08;2024-05-08 14:00:00
19.115;2024-05-08 14:05:00
19.115;2024-05-08 14:10:00
19.13;2024-05-08 14:15:00
19.13;2024-05-08 14:20:00
19.115;2024-05-08 14:25:00
19.09;2024-05-08 14:30:00
19.085;2024-05-08 14:35:00
19.075;2024-05-08 14:40:00
19.05;2024-05-08 14:45:00
19.08;2024-05-08 14:50:00
19.05;2024-05-08 14:55:00
19.04;2024-05-08 15:00:00
19.05;2024-05-08 15:05:00
19.06;2024-05-08 15:10:00
19.055;2024-05-08 15:15:00
19.065;2024-05-08 15:20:00
19.08;2024-05-08 15:25:00
19.155;2024-05-08 15:30:00
19.14;2024-05-08 15:35:00
19.18;2024-05-08 15:40:00
19.225;2024-05-08 15:45:00
19.155;2024-05-08 15:50:00
19.235;2024-05-08 15:55:00
19.175;2024-05-08 16:00:00
19.215;2024-05-08 16:05:00
19.21;2024-05-08 16:10:00
19.215;2024-05-08 16:15:00
19.25;2024-05-08 16:20:00
19.235;2024-05-08 16:25:00
19.245;2024-05-08 16:30:00
19.26;2024-05-08 16:35:00
19.27;2024-05-08 16:40:00
19.33;2024-05-08 16:45:00
